keyword,volume,difficulty,current_position,current_brand,category,intent,competitor_best_position,opportunity_score,gap_reason
container,8100,25,6,Royal Wolf,Mobile Storage/Containers,Commercial,0,3.76,No competitor ranking
containers,5400,19,14,Royal Wolf,Mobile Storage/Containers,Commercial,0,2.942,No competitor ranking
shipping container wanted to buy,2400,10,1,Royal Wolf,Mobile Storage/Containers,Transactional,0,2.197,No competitor ranking
shipping containers for sale,3600,27,1,Royal Wolf,Mobile Storage/Containers,Commercial,0,2.103,No competitor ranking
acrow props,2900,8,9,Shore Hire,Trench Safety/Specialty,Commercial,0,2.029,No competitor ranking
shipping containers shipping containers,2900,9,5,Royal Wolf,Mobile Storage/Containers,Commercial,0,2.018,No competitor ranking
shipping containers shipping containers,2900,9,18,Royal Wolf,Mobile Storage/Containers,Commercial,0,2.018,No competitor ranking
shipping container container,2900,12,5,Royal Wolf,Mobile Storage/Containers,Commercial,0,1.984,No competitor ranking
shipping container container,2900,12,20,Royal Wolf,Mobile Storage/Containers,Commercial,0,1.984,No competitor ranking
storage container,2900,35,6,Royal Wolf,Mobile Storage/Containers,Commercial,0,1.706,No competitor ranking
storage in canberra,2400,24,18,Royal Wolf,Mobile Storage/Containers,Commercial,0,1.615,No competitor ranking
shipping container dimensions,1900,19,14,Royal Wolf,Mobile Storage/Containers,Commercial,0,1.416,No competitor ranking
storage canberra,1900,21,17,Royal Wolf,Mobile Storage/Containers,Commercial,0,1.399,No competitor ranking
props,2400,44,13,Shore Hire,Trench Safety/Specialty,Commercial,0,1.387,No competitor ranking
storage moorebank,1900,23,5,Royal Wolf,Mobile Storage/Containers,Commercial,0,1.381,No competitor ranking
geelong storage,1600,23,14,Royal Wolf,Mobile Storage/Containers,Commercial,0,1.224,No competitor ranking
shipping container for sale,1600,25,2,Royal Wolf,Mobile Storage/Containers,Commercial,0,1.208,No competitor ranking
shipping containers shipping,1600,28,3,Royal Wolf,Mobile Storage/Containers,Commercial,0,1.184,No competitor ranking
acro prop,1300,8,19,Shore Hire,Trench Safety/Specialty,Commercial,0,1.157,No competitor ranking
acro props,1300,9,16,Shore Hire,Trench Safety/Specialty,Commercial,0,1.151,No competitor ranking
dubbo storage,1300,16,18,Royal Wolf,Mobile Storage/Containers,Commercial,0,1.106,No competitor ranking
storage hume,1300,17,12,Royal Wolf,Mobile Storage/Containers,Commercial,0,1.099,No competitor ranking
shipping container width,1300,26,5,Royal Wolf,Mobile Storage/Containers,Commercial,0,1.038,No competitor ranking
20ft container dimensions,1300,28,4,Royal Wolf,Mobile Storage/Containers,Commercial,0,1.024,No competitor ranking
lockable storage box,1300,28,14,Royal Wolf,Mobile Storage/Containers,Commercial,0,1.024,No competitor ranking
20ft container dimensions,1300,28,15,Royal Wolf,Mobile Storage/Containers,Commercial,0,1.024,No competitor ranking
hire excavator,880,25,7,Orange Hire,General Equipment,Transactional,0,0.994,No competitor ranking
hire excavator,880,25,19,Orange Hire,General Equipment,Transactional,0,0.994,No competitor ranking
portable office,1000,5,15,Royal Wolf,Mobile Storage/Containers,Commercial,0,0.979,No competitor ranking
shipping container sizes dimensions,1000,6,3,Royal Wolf,Mobile Storage/Containers,Commercial,0,0.973,No competitor ranking
excavator licence,1000,10,17,Orange Hire,General Equipment,Commercial,0,0.952,No competitor ranking
shipping container sizes,1000,11,3,Royal Wolf,Mobile Storage/Containers,Commercial,0,0.947,No competitor ranking
20ft shipping container,1000,14,3,Royal Wolf,Mobile Storage/Containers,Commercial,0,0.931,No competitor ranking
20ft shipping container,1000,14,14,Royal Wolf,Mobile Storage/Containers,Commercial,0,0.931,No competitor ranking
buy shipping container,720,17,1,Royal Wolf,Mobile Storage/Containers,Transactional,0,0.908,No competitor ranking
royal wolf containers,1000,19,1,Royal Wolf,Mobile Storage/Containers,Commercial,0,0.904,No competitor ranking
20 feet container measurement,1000,19,14,Royal Wolf,Mobile Storage/Containers,Commercial,0,0.904,No competitor ranking
20 foot container shipping,880,6,2,Royal Wolf,Mobile Storage/Containers,Commercial,0,0.89,No competitor ranking
40ft shipping container,880,7,7,Royal Wolf,Mobile Storage/Containers,Commercial,0,0.885,No competitor ranking
40ft shipping container,880,7,16,Royal Wolf,Mobile Storage/Containers,Commercial,0,0.885,No competitor ranking
acrow prop,1000,23,11,Shore Hire,Trench Safety/Specialty,Commercial,0,0.881,No competitor ranking
container dimensions 20ft,1000,26,10,Royal Wolf,Mobile Storage/Containers,Commercial,0,0.864,No competitor ranking
container dimensions 20ft,1000,26,15,Royal Wolf,Mobile Storage/Containers,Commercial,0,0.864,No competitor ranking
20ft container,880,12,1,Royal Wolf,Mobile Storage/Containers,Commercial,0,0.861,No competitor ranking
20ft container,880,12,18,Royal Wolf,Mobile Storage/Containers,Commercial,0,0.861,No competitor ranking
storage townsville,1000,28,7,Royal Wolf,Mobile Storage/Containers,Commercial,0,0.852,No competitor ranking
shipping container price,590,5,2,Royal Wolf,Mobile Storage/Containers,Transactional,0,0.845,No competitor ranking
shipping container dimension,880,16,8,Royal Wolf,Mobile Storage/Containers,Commercial,0,0.841,No competitor ranking
shoring,880,17,2,Shore Hire,Trench Safety/Specialty,Commercial,0,0.836,No competitor ranking
shipping container cost,590,9,2,Royal Wolf,Mobile Storage/Containers,Transactional,0,0.827,No competitor ranking
containers for sale,1000,33,1,Royal Wolf,Mobile Storage/Containers,Commercial,0,0.822,No competitor ranking
containers for sell,880,20,1,Royal Wolf,Mobile Storage/Containers,Commercial,0,0.821,No competitor ranking
excavator license,880,20,8,Orange Hire,General Equipment,Commercial,0,0.821,No competitor ranking
shipping container storage,880,22,1,Royal Wolf,Mobile Storage/Containers,Commercial,0,0.811,No competitor ranking
20 foot container specifications,880,22,10,Royal Wolf,Mobile Storage/Containers,Commercial,0,0.811,No competitor ranking
shipping container storage,880,22,14,Royal Wolf,Mobile Storage/Containers,Commercial,0,0.811,No competitor ranking
storage units townsville,880,26,16,Royal Wolf,Mobile Storage/Containers,Commercial,0,0.79,No competitor ranking
self storage canberra,880,27,13,Royal Wolf,Mobile Storage/Containers,Commercial,0,0.784,No competitor ranking
shipping container is for sale,720,6,1,Royal Wolf,Mobile Storage/Containers,Commercial,0,0.773,No competitor ranking
rent of ship container,590,22,4,Royal Wolf,Mobile Storage/Containers,Transactional,0,0.766,No competitor ranking
rent of ship container,590,22,18,Royal Wolf,Mobile Storage/Containers,Transactional,0,0.766,No competitor ranking
storage geelong,880,33,12,Royal Wolf,Mobile Storage/Containers,Commercial,0,0.751,No competitor ranking
20 feet shipping container dimensions,720,14,6,Royal Wolf,Mobile Storage/Containers,Commercial,0,0.74,No competitor ranking
shipping container size,720,15,5,Royal Wolf,Mobile Storage/Containers,Commercial,0,0.735,No competitor ranking
20ft container size,720,15,7,Royal Wolf,Mobile Storage/Containers,Commercial,0,0.735,No competitor ranking
20ft container size,720,15,12,Royal Wolf,Mobile Storage/Containers,Commercial,0,0.735,No competitor ranking
20ft container for sale,720,16,3,Royal Wolf,Mobile Storage/Containers,Commercial,0,0.731,No competitor ranking
20ft container for sale,720,16,15,Royal Wolf,Mobile Storage/Containers,Commercial,0,0.731,No competitor ranking
20 ft shipping container specs,720,17,5,Royal Wolf,Mobile Storage/Containers,Commercial,0,0.727,No competitor ranking
20 foot container dimensions,720,18,5,Royal Wolf,Mobile Storage/Containers,Commercial,0,0.722,No competitor ranking
container hire,590,31,1,Royal Wolf,Mobile Storage/Containers,Transactional,0,0.721,No competitor ranking
20ft shipping container dimensions,720,19,4,Royal Wolf,Mobile Storage/Containers,Commercial,0,0.718,No competitor ranking
container ship container ship,880,39,17,Royal Wolf,Mobile Storage/Containers,Commercial,0,0.717,No competitor ranking
acrow prop hire,480,9,7,Shore Hire,Trench Safety/Specialty,Transactional,0,0.716,No competitor ranking
storage rent,720,49,13,Royal Wolf,Mobile Storage/Containers,Transactional,0,0.712,No competitor ranking
self storage townsville,720,22,11,Royal Wolf,Mobile Storage/Containers,Commercial,0,0.705,No competitor ranking
ship container,720,24,3,Royal Wolf,Mobile Storage/Containers,Commercial,0,0.695,No competitor ranking
ship container rent,590,38,3,Royal Wolf,Mobile Storage/Containers,Transactional,0,0.683,No competitor ranking
ship container rent,590,38,15,Royal Wolf,Mobile Storage/Containers,Transactional,0,0.683,No competitor ranking
container storage,720,28,5,Royal Wolf,Mobile Storage/Containers,Commercial,0,0.677,No competitor ranking
container storage,720,28,9,Royal Wolf,Mobile Storage/Containers,Commercial,0,0.677,No competitor ranking
storage places townsville,720,28,13,Royal Wolf,Mobile Storage/Containers,Commercial,0,0.677,No competitor ranking
10ft shipping container,590,5,2,Royal Wolf,Mobile Storage/Containers,Commercial,0,0.676,No competitor ranking
purchase shipping container,480,19,2,Royal Wolf,Mobile Storage/Containers,Transactional,0,0.676,No competitor ranking
purchase shipping container,480,19,17,Royal Wolf,Mobile Storage/Containers,Transactional,0,0.676,No competitor ranking
shipping container measurements,720,29,5,Royal Wolf,Mobile Storage/Containers,Commercial,0,0.672,No competitor ranking
40ft container specifications,590,7,7,Royal Wolf,Mobile Storage/Containers,Commercial,0,0.669,No competitor ranking
small containers,720,30,10,Royal Wolf,Mobile Storage/Containers,Commercial,0,0.667,No competitor ranking
storage of containers,720,30,18,Royal Wolf,Mobile Storage/Containers,Commercial,0,0.667,No competitor ranking
40ft container for sale,590,11,2,Royal Wolf,Mobile Storage/Containers,Commercial,0,0.655,No competitor ranking
40ft container,590,11,5,Royal Wolf,Mobile Storage/Containers,Commercial,0,0.655,No competitor ranking
40ft container,590,11,19,Royal Wolf,Mobile Storage/Containers,Commercial,0,0.655,No competitor ranking
container moving service,590,15,1,Royal Wolf,Mobile Storage/Containers,Commercial,0,0.64,No competitor ranking
meaning of propping,1300,37,7,Shore Hire,Trench Safety/Specialty,Informational,0,0.638,No competitor ranking
buying a shipping container,480,28,2,Royal Wolf,Mobile Storage/Containers,Transactional,0,0.637,No competitor ranking
buying a shipping container,480,28,18,Royal Wolf,Mobile Storage/Containers,Transactional,0,0.637,No competitor ranking
storage darwin,590,17,11,Royal Wolf,Mobile Storage/Containers,Commercial,0,0.632,No competitor ranking
storage units newcastle,590,19,10,Royal Wolf,Mobile Storage/Containers,Commercial,0,0.625,No competitor ranking
shipping container for house,590,19,16,Royal Wolf,Mobile Storage/Containers,Commercial,0,0.625,No competitor ranking
small container,720,39,8,Royal Wolf,Mobile Storage/Containers,Commercial,0,0.623,No competitor ranking
shipping container length,590,20,7,Royal Wolf,Mobile Storage/Containers,Commercial,0,0.621,No competitor ranking
20 ft containers for rent,480,33,4,Royal Wolf,Mobile Storage/Containers,Transactional,0,0.615,No competitor ranking
20 ft containers for rent,480,33,14,Royal Wolf,Mobile Storage/Containers,Transactional,0,0.615,No competitor ranking
self storage rockhampton,590,22,6,Royal Wolf,Mobile Storage/Containers,Commercial,0,0.613,No competitor ranking
storage containers for rent,390,13,10,Royal Wolf,Mobile Storage/Containers,Transactional,0,0.606,No competitor ranking
self storage darwin,590,24,9,Royal Wolf,Mobile Storage/Containers,Commercial,0,0.605,No competitor ranking
moving containers,720,43,5,Royal Wolf,Mobile Storage/Containers,Commercial,0,0.602,No competitor ranking
buy 20ft container,390,14,3,Royal Wolf,Mobile Storage/Containers,Transactional,0,0.602,No competitor ranking
buy 20ft container,390,14,5,Royal Wolf,Mobile Storage/Containers,Transactional,0,0.602,No competitor ranking
20 ft container dimensions,590,25,8,Royal Wolf,Mobile Storage/Containers,Commercial,0,0.601,No competitor ranking
shipping container hire,880,37,1,Royal Wolf,Mobile Storage/Containers,Transactional,6,0.596,Weak competition (pos 6)
shipping container hire,880,37,14,Royal Wolf,Mobile Storage/Containers,Transactional,6,0.596,Weak competition (pos 6)
cost of shipping container,390,16,4,Royal Wolf,Mobile Storage/Containers,Transactional,0,0.595,No competitor ranking
self storage geelong,590,28,18,Royal Wolf,Mobile Storage/Containers,Commercial,0,0.589,No competitor ranking
portable kitchen,480,4,6,Royal Wolf,Mobile Storage/Containers,Commercial,0,0.588,No competitor ranking
40 ft shipping container,480,4,7,Royal Wolf,Mobile Storage/Containers,Commercial,0,0.588,No competitor ranking
shipping container garden shed,480,4,15,Royal Wolf,Mobile Storage/Containers,Commercial,0,0.588,No competitor ranking
40 ft shipping container,480,4,19,Royal Wolf,Mobile Storage/Containers,Commercial,0,0.588,No competitor ranking
storage cairns,590,29,15,Royal Wolf,Mobile Storage/Containers,Commercial,0,0.585,No competitor ranking
insulated shipping container,480,5,4,Royal Wolf,Mobile Storage/Containers,Commercial,0,0.585,No competitor ranking
shipping container office,480,6,3,Royal Wolf,Mobile Storage/Containers,Commercial,0,0.582,No competitor ranking
shipping container modifications,480,6,3,Royal Wolf,Mobile Storage/Containers,Commercial,0,0.582,No competitor ranking
shipping container rental,480,40,3,Royal Wolf,Mobile Storage/Containers,Transactional,0,0.582,No competitor ranking
portable change rooms,480,6,4,Royal Wolf,Mobile Storage/Containers,Commercial,0,0.582,No competitor ranking
portable change room,480,6,8,Royal Wolf,Mobile Storage/Containers,Commercial,0,0.582,No competitor ranking
site office,480,6,12,Royal Wolf,Mobile Storage/Containers,Commercial,0,0.582,No competitor ranking
shipping container rental,480,40,15,Royal Wolf,Mobile Storage/Containers,Transactional,0,0.582,No competitor ranking
shoring box,480,6,1,Shore Hire,Trench Safety/Specialty,Commercial,0,0.582,No competitor ranking
shoring box,480,6,10,Shore Hire,Trench Safety/Specialty,Commercial,0,0.582,No competitor ranking
storage container rental,390,21,10,Royal Wolf,Mobile Storage/Containers,Transactional,0,0.577,No competitor ranking
20 ft container for sale,480,10,4,Royal Wolf,Mobile Storage/Containers,Commercial,0,0.57,No competitor ranking
20 ft container for sale,480,10,13,Royal Wolf,Mobile Storage/Containers,Commercial,0,0.57,No competitor ranking
earthmoving equipment hire,390,23,9,Orange Hire,General Equipment,Transactional,0,0.57,No competitor ranking
40 foot container,480,11,3,Royal Wolf,Mobile Storage/Containers,Commercial,0,0.567,No competitor ranking
container storage units for rent,390,25,16,Royal Wolf,Mobile Storage/Containers,Transactional,0,0.562,No competitor ranking
40 feet container for sale,480,15,3,Royal Wolf,Mobile Storage/Containers,Commercial,0,0.554,No competitor ranking
20 ft shipping container dimensions,480,17,6,Royal Wolf,Mobile Storage/Containers,Commercial,0,0.547,No competitor ranking
storage facility clayton,480,17,18,Royal Wolf,Mobile Storage/Containers,Commercial,0,0.547,No competitor ranking
acroprop,480,17,12,Shore Hire,Trench Safety/Specialty,Commercial,0,0.547,No competitor ranking
sea container,590,38,2,Royal Wolf,Mobile Storage/Containers,Commercial,0,0.546,No competitor ranking
sea container,590,38,14,Royal Wolf,Mobile Storage/Containers,Commercial,0,0.546,No competitor ranking
size of shipping container,480,18,3,Royal Wolf,Mobile Storage/Containers,Commercial,0,0.544,No competitor ranking
shipping containers sizes,480,18,4,Royal Wolf,Mobile Storage/Containers,Commercial,0,0.544,No competitor ranking
container size,480,18,4,Royal Wolf,Mobile Storage/Containers,Commercial,0,0.544,No competitor ranking
storage hire,390,30,19,Royal Wolf,Mobile Storage/Containers,Transactional,0,0.543,No competitor ranking
storage hire,390,30,20,Royal Wolf,Mobile Storage/Containers,Transactional,0,0.543,No competitor ranking
20ft container length,480,20,9,Royal Wolf,Mobile Storage/Containers,Commercial,0,0.537,No competitor ranking
container for sale,480,21,1,Royal Wolf,Mobile Storage/Containers,Commercial,0,0.534,No competitor ranking
storage units hobart,480,21,7,Royal Wolf,Mobile Storage/Containers,Commercial,0,0.534,No competitor ranking
20ft container dims,480,21,12,Royal Wolf,Mobile Storage/Containers,Commercial,0,0.534,No competitor ranking
storage units rockhampton,480,24,7,Royal Wolf,Mobile Storage/Containers,Commercial,0,0.524,No competitor ranking
storage units darwin,480,24,10,Royal Wolf,Mobile Storage/Containers,Commercial,0,0.524,No competitor ranking
wheel loader hire,320,14,8,Orange Hire,General Equipment,Transactional,0,0.524,No competitor ranking
acrow hire,320,14,8,Shore Hire,Trench Safety/Specialty,Transactional,0,0.524,No competitor ranking
acrow hire,320,14,16,Shore Hire,Trench Safety/Specialty,Transactional,0,0.524,No competitor ranking
shipping container shipping prices,390,35,13,Royal Wolf,Mobile Storage/Containers,Transactional,0,0.523,No competitor ranking
purchase shipping container home,320,15,14,Royal Wolf,Mobile Storage/Containers,Transactional,0,0.521,No competitor ranking
storage cairns qld,480,26,13,Royal Wolf,Mobile Storage/Containers,Commercial,0,0.517,No competitor ranking
cargo shipping containers for sale,590,45,2,Royal Wolf,Mobile Storage/Containers,Commercial,0,0.515,No competitor ranking
cargo shipping containers for sale,590,45,12,Royal Wolf,Mobile Storage/Containers,Commercial,0,0.515,No competitor ranking
storage containers for hire,320,17,2,Royal Wolf,Mobile Storage/Containers,Transactional,0,0.515,No competitor ranking
buy container,320,17,2,Royal Wolf,Mobile Storage/Containers,Transactional,0,0.515,No competitor ranking
cost of storage containers,320,17,8,Royal Wolf,Mobile Storage/Containers,Transactional,0,0.515,No competitor ranking
storage container hire,320,17,8,Royal Wolf,Mobile Storage/Containers,Transactional,0,0.515,No competitor ranking
storage containers for hire,320,17,14,Royal Wolf,Mobile Storage/Containers,Transactional,0,0.515,No competitor ranking
buy container,320,17,20,Royal Wolf,Mobile Storage/Containers,Transactional,0,0.515,No competitor ranking
storage newcastle,480,27,15,Royal Wolf,Mobile Storage/Containers,Commercial,0,0.513,No competitor ranking
buy a shipping container,320,18,2,Royal Wolf,Mobile Storage/Containers,Transactional,0,0.512,No competitor ranking
container rental,320,18,7,Royal Wolf,Mobile Storage/Containers,Transactional,0,0.512,No competitor ranking
buy a shipping container,320,18,13,Royal Wolf,Mobile Storage/Containers,Transactional,0,0.512,No competitor ranking
container rental,320,18,20,Royal Wolf,Mobile Storage/Containers,Transactional,0,0.512,No competitor ranking
10ft container shipping,390,4,3,Royal Wolf,Mobile Storage/Containers,Commercial,0,0.509,No competitor ranking
20ft sea container for sale,390,4,4,Royal Wolf,Mobile Storage/Containers,Commercial,0,0.509,No competitor ranking
20ft sea container for sale,390,4,9,Royal Wolf,Mobile Storage/Containers,Commercial,0,0.509,No competitor ranking
10ft container shipping,390,4,17,Royal Wolf,Mobile Storage/Containers,Commercial,0,0.509,No competitor ranking
shipping container for hire,320,19,1,Royal Wolf,Mobile Storage/Containers,Transactional,0,0.509,No competitor ranking
shipping container for hire,320,19,7,Royal Wolf,Mobile Storage/Containers,Transactional,0,0.509,No competitor ranking
excavators hire,320,19,3,Orange Hire,General Equipment,Transactional,0,0.509,No competitor ranking
containerised storage,480,29,2,Royal Wolf,Mobile Storage/Containers,Commercial,0,0.506,No competitor ranking
containerised storage,480,29,12,Royal Wolf,Mobile Storage/Containers,Commercial,0,0.506,No competitor ranking
10ft container,390,6,2,Royal Wolf,Mobile Storage/Containers,Commercial,0,0.504,No competitor ranking
cargo container shed,390,6,12,Royal Wolf,Mobile Storage/Containers,Commercial,0,0.504,No competitor ranking
buy shipping containers,320,21,1,Royal Wolf,Mobile Storage/Containers,Transactional,0,0.502,No competitor ranking
container purchase,320,21,1,Royal Wolf,Mobile Storage/Containers,Transactional,0,0.502,No competitor ranking
container purchase,320,21,19,Royal Wolf,Mobile Storage/Containers,Transactional,0,0.502,No competitor ranking
container purchase,320,21,20,Royal Wolf,Mobile Storage/Containers,Transactional,0,0.502,No competitor ranking
40ft shipping container for sale,390,7,3,Royal Wolf,Mobile Storage/Containers,Commercial,0,0.501,No competitor ranking
20 foot sea container,390,7,4,Royal Wolf,Mobile Storage/Containers,Commercial,0,0.501,No competitor ranking
20 foot sea container,390,7,12,Royal Wolf,Mobile Storage/Containers,Commercial,0,0.501,No competitor ranking
small shipping containers,390,8,2,Royal Wolf,Mobile Storage/Containers,Commercial,0,0.498,No competitor ranking
small shipping containers,390,8,8,Royal Wolf,Mobile Storage/Containers,Commercial,0,0.498,No competitor ranking
used shipping containers for sale,390,9,1,Royal Wolf,Mobile Storage/Containers,Commercial,0,0.495,No competitor ranking
storage dubbo,390,10,13,Royal Wolf,Mobile Storage/Containers,Commercial,0,0.493,No competitor ranking
container refrigeration,480,33,7,Royal Wolf,Mobile Storage/Containers,Commercial,0,0.492,No competitor ranking
containers for sale 20ft,390,11,4,Royal Wolf,Mobile Storage/Containers,Commercial,0,0.49,No competitor ranking
containers for sale 20ft,390,11,6,Royal Wolf,Mobile Storage/Containers,Commercial,0,0.49,No competitor ranking
40 ft container,390,11,7,Royal Wolf,Mobile Storage/Containers,Commercial,0,0.49,No competitor ranking
hire shipping container,320,25,2,Royal Wolf,Mobile Storage/Containers,Transactional,0,0.49,No competitor ranking
shipping containers for rent,320,25,3,Royal Wolf,Mobile Storage/Containers,Transactional,0,0.49,No competitor ranking
shipping containers for rent,320,25,14,Royal Wolf,Mobile Storage/Containers,Transactional,0,0.49,No competitor ranking
for sale 20ft container,390,13,2,Royal Wolf,Mobile Storage/Containers,Commercial,0,0.484,No competitor ranking
for sale 20ft container,390,13,6,Royal Wolf,Mobile Storage/Containers,Commercial,0,0.484,No competitor ranking
shipping container moving companies,390,14,1,Royal Wolf,Mobile Storage/Containers,Commercial,0,0.482,No competitor ranking
moorebank storage,390,14,5,Royal Wolf,Mobile Storage/Containers,Commercial,0,0.482,No competitor ranking
20 ft container,390,15,2,Royal Wolf,Mobile Storage/Containers,Commercial,0,0.479,No competitor ranking
20 feet container for sale,390,15,3,Royal Wolf,Mobile Storage/Containers,Commercial,0,0.479,No competitor ranking
20 feet container for sale,390,15,6,Royal Wolf,Mobile Storage/Containers,Commercial,0,0.479,No competitor ranking
portable offices,390,15,11,Royal Wolf,Mobile Storage/Containers,Commercial,0,0.479,No competitor ranking
shipping container prices,260,6,3,Royal Wolf,Mobile Storage/Containers,Transactional,0,0.474,No competitor ranking
car storage hobart,390,17,15,Royal Wolf,Mobile Storage/Containers,Commercial,0,0.473,No competitor ranking
buy 40ft container,260,7,3,Royal Wolf,Mobile Storage/Containers,Transactional,0,0.471,No competitor ranking
40ft shipping container price,260,7,5,Royal Wolf,Mobile Storage/Containers,Transactional,0,0.471,No competitor ranking
buy 40ft container,260,7,16,Royal Wolf,Mobile Storage/Containers,Transactional,0,0.471,No competitor ranking
container sizes,390,18,3,Royal Wolf,Mobile Storage/Containers,Commercial,0,0.47,No competitor ranking
rent storage containers,260,9,2,Royal Wolf,Mobile Storage/Containers,Transactional,0,0.466,No competitor ranking
buy 40ft shipping container,260,9,4,Royal Wolf,Mobile Storage/Containers,Transactional,0,0.466,No competitor ranking
buy 40ft shipping container,260,9,12,Royal Wolf,Mobile Storage/Containers,Transactional,0,0.466,No competitor ranking
rent storage containers,260,9,19,Royal Wolf,Mobile Storage/Containers,Transactional,0,0.466,No competitor ranking
cost of shipping containers,260,10,5,Royal Wolf,Mobile Storage/Containers,Transactional,0,0.464,No competitor ranking
self storage container prices,260,10,12,Royal Wolf,Mobile Storage/Containers,Transactional,0,0.464,No competitor ranking
storage rockhampton queensland,390,21,5,Royal Wolf,Mobile Storage/Containers,Commercial,0,0.462,No competitor ranking
20ft container specifications,390,21,13,Royal Wolf,Mobile Storage/Containers,Commercial,0,0.462,No competitor ranking
storage facilities townsville,390,21,14,Royal Wolf,Mobile Storage/Containers,Commercial,0,0.462,No competitor ranking
buy shipping container brisbane,260,11,9,Royal Wolf,Mobile Storage/Containers,Transactional,0,0.461,No competitor ranking
storage containers shipping containers,390,22,2,Royal Wolf,Mobile Storage/Containers,Commercial,0,0.459,No competitor ranking
storage containers shipping containers,390,22,18,Royal Wolf,Mobile Storage/Containers,Commercial,0,0.459,No competitor ranking
20 ft container dimensions in meters,390,23,9,Royal Wolf,Mobile Storage/Containers,Commercial,0,0.456,No competitor ranking
self storage central coast,390,23,17,Royal Wolf,Mobile Storage/Containers,Commercial,0,0.456,No competitor ranking
how much does a shipping container cost,260,13,3,Royal Wolf,Mobile Storage/Containers,Transactional,0,0.456,No competitor ranking
buy shipping container house,260,13,14,Royal Wolf,Mobile Storage/Containers,Transactional,0,0.456,No competitor ranking
storage central coast,390,24,17,Royal Wolf,Mobile Storage/Containers,Commercial,0,0.453,No competitor ranking
excavator rental,260,14,4,Orange Hire,General Equipment,Transactional,0,0.453,No competitor ranking
moving companies with storage containers,390,25,2,Royal Wolf,Mobile Storage/Containers,Commercial,0,0.45,No competitor ranking
purchase cargo container,260,16,2,Royal Wolf,Mobile Storage/Containers,Transactional,0,0.448,No competitor ranking
purchase cargo container,260,16,14,Royal Wolf,Mobile Storage/Containers,Transactional,0,0.448,No competitor ranking
side opening shipping container,320,3,1,Royal Wolf,Mobile Storage/Containers,Commercial,0,0.445,No competitor ranking
shipping containers for hire,320,38,2,Royal Wolf,Mobile Storage/Containers,Transactional,0,0.445,No competitor ranking
high cube container,320,3,5,Royal Wolf,Mobile Storage/Containers,Commercial,0,0.445,No competitor ranking
shipping containers for hire,320,38,8,Royal Wolf,Mobile Storage/Containers,Transactional,0,0.445,No competitor ranking
storage containers for sale,390,27,1,Royal Wolf,Mobile Storage/Containers,Commercial,0,0.444,No competitor ranking
20ft shipping container for sale,320,4,3,Royal Wolf,Mobile Storage/Containers,Commercial,0,0.443,No competitor ranking
20ft shipping container for sale,320,4,9,Royal Wolf,Mobile Storage/Containers,Commercial,0,0.443,No competitor ranking
containers for hire,260,18,1,Royal Wolf,Mobile Storage/Containers,Transactional,0,0.443,No competitor ranking
rent shipping container,260,18,4,Royal Wolf,Mobile Storage/Containers,Transactional,0,0.443,No competitor ranking
containers for hire,260,18,9,Royal Wolf,Mobile Storage/Containers,Transactional,0,0.443,No competitor ranking
sea containers for sale perth,390,28,4,Royal Wolf,Mobile Storage/Containers,Commercial,0,0.441,No competitor ranking
storage facilities newcastle,390,28,16,Royal Wolf,Mobile Storage/Containers,Commercial,0,0.441,No competitor ranking
sea containers for sale perth,390,28,16,Royal Wolf,Mobile Storage/Containers,Commercial,0,0.441,No competitor ranking
container space,390,29,17,Royal Wolf,Mobile Storage/Containers,Commercial,0,0.438,No competitor ranking
used shipping containers,320,6,1,Royal Wolf,Mobile Storage/Containers,Commercial,0,0.438,No competitor ranking
10 foot shipping container,320,6,2,Royal Wolf,Mobile Storage/Containers,Commercial,0,0.438,No competitor ranking
20 foot container for sale,320,6,3,Royal Wolf,Mobile Storage/Containers,Commercial,0,0.438,No competitor ranking
sea container shed,320,6,12,Royal Wolf,Mobile Storage/Containers,Commercial,0,0.438,No competitor ranking
20 foot container for sale,320,6,16,Royal Wolf,Mobile Storage/Containers,Commercial,0,0.438,No competitor ranking
storage for hire,260,21,12,Royal Wolf,Mobile Storage/Containers,Transactional,0,0.434,No competitor ranking
reefer container,390,31,3,Royal Wolf,Mobile Storage/Containers,Commercial,0,0.431,No competitor ranking
central coast storage,320,9,14,Royal Wolf,Mobile Storage/Containers,Commercial,0,0.431,No competitor ranking
shipping container house for sale,320,9,19,Royal Wolf,Mobile Storage/Containers,Commercial,0,0.431,No competitor ranking
20 foot container,320,10,3,Royal Wolf,Mobile Storage/Containers,Commercial,0,0.429,No competitor ranking
rental of containers,260,23,2,Royal Wolf,Mobile Storage/Containers,Transactional,0,0.429,No competitor ranking
rental of containers,260,23,17,Royal Wolf,Mobile Storage/Containers,Transactional,0,0.429,No competitor ranking
modified shipping containers,320,11,3,Royal Wolf,Mobile Storage/Containers,Commercial,0,0.427,No competitor ranking
container storage brisbane,320,11,3,Royal Wolf,Mobile Storage/Containers,Commercial,0,0.427,No competitor ranking
storage in rockhampton,320,11,4,Royal Wolf,Mobile Storage/Containers,Commercial,0,0.427,No competitor ranking
insulated container,320,11,6,Royal Wolf,Mobile Storage/Containers,Commercial,0,0.427,No competitor ranking
excavator parts,320,11,4,Orange Hire,General Equipment,Commercial,0,0.427,No competitor ranking
container on rent,260,24,6,Royal Wolf,Mobile Storage/Containers,Transactional,0,0.426,No competitor ranking
shipping containers tasmania,320,13,9,Royal Wolf,Mobile Storage/Containers,Commercial,0,0.422,No competitor ranking
shipping containers tasmania,320,13,18,Royal Wolf,Mobile Storage/Containers,Commercial,0,0.422,No competitor ranking
propping,320,13,1,Shore Hire,Trench Safety/Specialty,Commercial,0,0.422,No competitor ranking
propping,320,13,18,Shore Hire,Trench Safety/Specialty,Commercial,0,0.422,No competitor ranking
container moving,390,35,1,Royal Wolf,Mobile Storage/Containers,Commercial,0,0.419,No competitor ranking
20 foot shipping container,320,14,3,Royal Wolf,Mobile Storage/Containers,Commercial,0,0.419,No competitor ranking
sizes of containers for shipping,320,14,7,Royal Wolf,Mobile Storage/Containers,Commercial,0,0.419,No competitor ranking
20 foot shipping container,320,14,20,Royal Wolf,Mobile Storage/Containers,Commercial,0,0.419,No competitor ranking
20 foot container dimensions in meters,320,15,8,Royal Wolf,Mobile Storage/Containers,Commercial,0,0.417,No competitor ranking
acrow props hire,210,3,7,Shore Hire,Trench Safety/Specialty,Transactional,0,0.415,No competitor ranking
sumitomo excavator,320,16,9,Orange Hire,General Equipment,Commercial,0,0.414,No competitor ranking
container cafe,320,17,2,Royal Wolf,Mobile Storage/Containers,Commercial,0,0.412,No competitor ranking
size of a shipping container,320,17,3,Royal Wolf,Mobile Storage/Containers,Commercial,0,0.412,No competitor ranking
20 feet container size,320,17,12,Royal Wolf,Mobile Storage/Containers,Commercial,0,0.412,No competitor ranking
40 foot shipping container cost,210,4,7,Royal Wolf,Mobile Storage/Containers,Transactional,0,0.412,No competitor ranking
container dimensions,320,18,6,Royal Wolf,Mobile Storage/Containers,Commercial,0,0.409,No competitor ranking
internal measurements of a 20ft container,320,18,10,Royal Wolf,Mobile Storage/Containers,Commercial,0,0.409,No competitor ranking
storage units hobart tasmania,320,18,11,Royal Wolf,Mobile Storage/Containers,Commercial,0,0.409,No competitor ranking
cost of a shipping container,210,6,3,Royal Wolf,Mobile Storage/Containers,Transactional,0,0.408,No competitor ranking
buy 40 foot shipping container,210,6,4,Royal Wolf,Mobile Storage/Containers,Transactional,0,0.408,No competitor ranking
buy 40 foot shipping container,210,6,16,Royal Wolf,Mobile Storage/Containers,Transactional,0,0.408,No competitor ranking
excavator on rent,210,6,4,Orange Hire,General Equipment,Transactional,0,0.408,No competitor ranking
excavator hire brisbane,210,6,6,Orange Hire,General Equipment,Transactional,0,0.408,No competitor ranking
sea container dimensions,320,19,7,Royal Wolf,Mobile Storage/Containers,Commercial,0,0.407,No competitor ranking
furniture storage hobart,320,19,10,Royal Wolf,Mobile Storage/Containers,Commercial,0,0.407,No competitor ranking
20 feet container dimensions in meters,320,19,11,Royal Wolf,Mobile Storage/Containers,Commercial,0,0.407,No competitor ranking
sea containers wa & total containers,320,19,20,Royal Wolf,Mobile Storage/Containers,Commercial,0,0.407,No competitor ranking
excavator for hire,210,8,3,Orange Hire,General Equipment,Transactional,0,0.404,No competitor ranking
shipping containers for sale brisbane,320,21,6,Royal Wolf,Mobile Storage/Containers,Commercial,0,0.402,No competitor ranking
self storage hobart,320,21,8,Royal Wolf,Mobile Storage/Containers,Commercial,0,0.402,No competitor ranking
shipping containers for sale brisbane,320,21,15,Royal Wolf,Mobile Storage/Containers,Commercial,0,0.402,No competitor ranking
track loader,320,21,19,Orange Hire,General Equipment,Commercial,0,0.402,No competitor ranking
prop finder,320,22,18,Shore Hire,Trench Safety/Specialty,Commercial,0,0.399,No competitor ranking
moving and storage containers,320,23,4,Royal Wolf,Mobile Storage/Containers,Commercial,0,0.397,No competitor ranking
20 feet container dimensions,320,23,11,Royal Wolf,Mobile Storage/Containers,Commercial,0,0.397,No competitor ranking
self storage containers,390,42,2,Royal Wolf,Mobile Storage/Containers,Commercial,0,0.396,No competitor ranking
self storage containers,390,42,20,Royal Wolf,Mobile Storage/Containers,Commercial,0,0.396,No competitor ranking
container hire and storage,210,12,4,Royal Wolf,Mobile Storage/Containers,Transactional,0,0.395,No competitor ranking
storage in container,320,24,2,Royal Wolf,Mobile Storage/Containers,Commercial,0,0.394,No competitor ranking
storage rockhampton,320,24,6,Royal Wolf,Mobile Storage/Containers,Commercial,0,0.394,No competitor ranking
buy 40 foot container,210,13,2,Royal Wolf,Mobile Storage/Containers,Transactional,0,0.393,No competitor ranking
buy 40 foot container,210,13,12,Royal Wolf,Mobile Storage/Containers,Transactional,0,0.393,No competitor ranking
excavator hire sydney,210,13,5,Orange Hire,General Equipment,Transactional,0,0.393,No competitor ranking
storage hobart,320,26,10,Royal Wolf,Mobile Storage/Containers,Commercial,0,0.389,No competitor ranking
small shipping container,260,2,2,Royal Wolf,Mobile Storage/Containers,Commercial,0,0.387,No competitor ranking
40 foot shipping container,260,2,2,Royal Wolf,Mobile Storage/Containers,Commercial,0,0.387,No competitor ranking
container locks,260,2,9,Royal Wolf,Mobile Storage/Containers,Commercial,0,0.387,No competitor ranking
small shipping container,260,2,17,Royal Wolf,Mobile Storage/Containers,Commercial,0,0.387,No competitor ranking
40 foot shipping container,260,2,17,Royal Wolf,Mobile Storage/Containers,Commercial,0,0.387,No competitor ranking
container sales,320,28,2,Royal Wolf,Mobile Storage/Containers,Commercial,0,0.384,No competitor ranking
buy cargo containers,210,17,2,Royal Wolf,Mobile Storage/Containers,Transactional,0,0.383,No competitor ranking
buy cargo containers,210,17,14,Royal Wolf,Mobile Storage/Containers,Transactional,0,0.383,No competitor ranking
excavator auger drill,260,4,7,Orange Hire,General Equipment,Commercial,0,0.383,No competitor ranking
dry hire excavator,210,17,5,Orange Hire,General Equipment,Transactional,0,0.383,No competitor ranking
dry hire excavator,210,17,15,Orange Hire,General Equipment,Transactional,0,0.383,No competitor ranking
refrigerated container hire,210,18,1,Royal Wolf,Mobile Storage/Containers,Transactional,0,0.381,No competitor ranking
storage container cost,210,18,7,Royal Wolf,Mobile Storage/Containers,Transactional,0,0.381,No competitor ranking
storage container cost,210,18,17,Royal Wolf,Mobile Storage/Containers,Transactional,0,0.381,No competitor ranking
shipping container workshop,260,6,1,Royal Wolf,Mobile Storage/Containers,Commercial,0,0.379,No competitor ranking
used cargo containers for sale,260,6,1,Royal Wolf,Mobile Storage/Containers,Commercial,0,0.379,No competitor ranking
sea container modifications,260,6,2,Royal Wolf,Mobile Storage/Containers,Commercial,0,0.379,No competitor ranking
moving storage containers,320,30,5,Royal Wolf,Mobile Storage/Containers,Commercial,0,0.378,No competitor ranking
standard shipping container measurements,260,7,6,Royal Wolf,Mobile Storage/Containers,Commercial,0,0.377,No competitor ranking
shipping container vents,260,7,9,Royal Wolf,Mobile Storage/Containers,Commercial,0,0.377,No competitor ranking
10ft shipping container for sale,260,8,1,Royal Wolf,Mobile Storage/Containers,Commercial,0,0.375,No competitor ranking
refrigerated container,260,8,1,Royal Wolf,Mobile Storage/Containers,Commercial,0,0.375,No competitor ranking
shipping containers adelaide,260,8,5,Royal Wolf,Mobile Storage/Containers,Commercial,0,0.375,No competitor ranking
10ft shipping container for sale,260,8,11,Royal Wolf,Mobile Storage/Containers,Commercial,0,0.375,No competitor ranking
shipping containers brisbane,320,33,6,Royal Wolf,Mobile Storage/Containers,Commercial,0,0.37,No competitor ranking
shipping containers brisbane,320,33,16,Royal Wolf,Mobile Storage/Containers,Commercial,0,0.37,No competitor ranking
2nd hand shipping containers for sale,260,11,1,Royal Wolf,Mobile Storage/Containers,Commercial,0,0.369,No competitor ranking
price & speed containers,210,23,4,Royal Wolf,Mobile Storage/Containers,Transactional,0,0.369,No competitor ranking
excavator hire melbourne,210,23,7,Orange Hire,General Equipment,Transactional,0,0.369,No competitor ranking
20ft shipping containers,260,12,4,Royal Wolf,Mobile Storage/Containers,Commercial,0,0.367,No competitor ranking
20ft shipping containers,260,12,18,Royal Wolf,Mobile Storage/Containers,Commercial,0,0.367,No competitor ranking
storage koongal,260,12,20,Royal Wolf,Mobile Storage/Containers,Commercial,0,0.367,No competitor ranking
hire a container,210,24,3,Royal Wolf,Mobile Storage/Containers,Transactional,0,0.367,No competitor ranking
shipping containers for sale near me,260,13,1,Royal Wolf,Mobile Storage/Containers,Commercial,0,0.365,No competitor ranking
20 ft shipping container,260,13,4,Royal Wolf,Mobile Storage/Containers,Commercial,0,0.365,No competitor ranking
40ft shipping container dimensions,260,13,6,Royal Wolf,Mobile Storage/Containers,Commercial,0,0.365,No competitor ranking
20 ft shipping container,260,13,18,Royal Wolf,Mobile Storage/Containers,Commercial,0,0.365,No competitor ranking
20ft sea container weight,260,14,5,Royal Wolf,Mobile Storage/Containers,Commercial,0,0.363,No competitor ranking
20ft sea container weight,260,14,14,Royal Wolf,Mobile Storage/Containers,Commercial,0,0.363,No competitor ranking
buy a container,210,26,2,Royal Wolf,Mobile Storage/Containers,Transactional,0,0.362,No competitor ranking
digger for hire,210,26,17,Orange Hire,General Equipment,Transactional,0,0.362,No competitor ranking
sea containers for sale,260,15,1,Royal Wolf,Mobile Storage/Containers,Commercial,0,0.361,No competitor ranking
container modifications,260,15,1,Royal Wolf,Mobile Storage/Containers,Commercial,0,0.361,No competitor ranking
sea container sizes,260,15,6,Royal Wolf,Mobile Storage/Containers,Commercial,0,0.361,No competitor ranking
storage unit cairns,260,15,17,Royal Wolf,Mobile Storage/Containers,Commercial,0,0.361,No competitor ranking
container self storage near me,320,37,2,Royal Wolf,Mobile Storage/Containers,Commercial,0,0.359,No competitor ranking
buy storage container,210,28,5,Royal Wolf,Mobile Storage/Containers,Transactional,0,0.357,No competitor ranking
moving shipping containers,260,17,1,Royal Wolf,Mobile Storage/Containers,Commercial,0,0.356,No competitor ranking
standard shipping container length,260,17,9,Royal Wolf,Mobile Storage/Containers,Commercial,0,0.356,No competitor ranking
cost of 40ft container,170,4,5,Royal Wolf,Mobile Storage/Containers,Transactional,0,0.356,No competitor ranking
portable traffic lights for hire,170,4,9,Orange Hire,Mobile Storage/Containers,Transactional,0,0.356,No competitor ranking
hire a shipping container,210,29,1,Royal Wolf,Mobile Storage/Containers,Transactional,0,0.355,No competitor ranking
hire a shipping container,210,29,13,Royal Wolf,Mobile Storage/Containers,Transactional,0,0.355,No competitor ranking
shipping container height,260,18,8,Royal Wolf,Mobile Storage/Containers,Commercial,0,0.354,No competitor ranking
20' container dimensions,260,18,12,Royal Wolf,Mobile Storage/Containers,Commercial,0,0.354,No competitor ranking
cairns storage,260,18,14,Royal Wolf,Mobile Storage/Containers,Commercial,0,0.354,No competitor ranking
storage tamworth,260,18,15,Royal Wolf,Mobile Storage/Containers,Commercial,0,0.354,No competitor ranking
shipping container costs,170,5,6,Royal Wolf,Mobile Storage/Containers,Transactional,0,0.354,No competitor ranking
40 foot shipping container price,170,5,7,Royal Wolf,Mobile Storage/Containers,Transactional,0,0.354,No competitor ranking
shipping container rentals,210,30,2,Royal Wolf,Mobile Storage/Containers,Transactional,0,0.352,No competitor ranking
sea container hire perth,210,30,11,Royal Wolf,Mobile Storage/Containers,Transactional,0,0.352,No competitor ranking
shipping container rentals,210,30,12,Royal Wolf,Mobile Storage/Containers,Transactional,0,0.352,No competitor ranking
40 feet container price,170,6,5,Royal Wolf,Mobile Storage/Containers,Transactional,0,0.352,No competitor ranking
cost of 40 ft shipping container,170,6,6,Royal Wolf,Mobile Storage/Containers,Transactional,0,0.352,No competitor ranking
cost of 40 ft shipping container,170,6,11,Royal Wolf,Mobile Storage/Containers,Transactional,0,0.352,No competitor ranking
20 foot shipping container dimensions,260,20,7,Royal Wolf,Mobile Storage/Containers,Commercial,0,0.35,No competitor ranking
storage facilities hobart,260,20,10,Royal Wolf,Mobile Storage/Containers,Commercial,0,0.35,No competitor ranking
hire a container for storage,170,9,8,Royal Wolf,Mobile Storage/Containers,Transactional,0,0.346,No competitor ranking
rockhampton storage units,260,22,5,Royal Wolf,Mobile Storage/Containers,Commercial,0,0.345,No competitor ranking
container self storage,260,23,1,Royal Wolf,Mobile Storage/Containers,Commercial,0,0.343,No competitor ranking
internal size of 20ft container,260,23,6,Royal Wolf,Mobile Storage/Containers,Commercial,0,0.343,No competitor ranking
storage facility canberra,260,23,14,Royal Wolf,Mobile Storage/Containers,Commercial,0,0.343,No competitor ranking
container self storage,260,23,17,Royal Wolf,Mobile Storage/Containers,Commercial,0,0.343,No competitor ranking
rent a shipping container,210,34,3,Royal Wolf,Mobile Storage/Containers,Transactional,0,0.342,No competitor ranking
cargo container,260,24,4,Royal Wolf,Mobile Storage/Containers,Commercial,0,0.341,No competitor ranking
miniature container,260,24,11,Royal Wolf,Mobile Storage/Containers,Commercial,0,0.341,No competitor ranking
freezer container,260,24,12,Royal Wolf,Mobile Storage/Containers,Commercial,0,0.341,No competitor ranking
cargo container,260,24,16,Royal Wolf,Mobile Storage/Containers,Commercial,0,0.341,No competitor ranking
canberra containers,260,25,3,Royal Wolf,Mobile Storage/Containers,Commercial,0,0.339,No competitor ranking
townsville storage units,260,25,15,Royal Wolf,Mobile Storage/Containers,Commercial,0,0.339,No competitor ranking
container price,170,13,3,Royal Wolf,Mobile Storage/Containers,Transactional,0,0.339,No competitor ranking
price of a shipping container,170,14,6,Royal Wolf,Mobile Storage/Containers,Transactional,0,0.337,No competitor ranking
portable storage containers,260,26,15,Royal Wolf,Mobile Storage/Containers,Commercial,0,0.336,No competitor ranking
lockable shipping containers,210,1,1,Royal Wolf,Mobile Storage/Containers,Commercial,0,0.335,No competitor ranking
lockable shipping containers,210,1,6,Royal Wolf,Mobile Storage/Containers,Commercial,0,0.335,No competitor ranking
shipping container lock,210,1,18,Royal Wolf,Mobile Storage/Containers,Commercial,0,0.335,No competitor ranking
self storage containers for rent,170,15,3,Royal Wolf,Mobile Storage/Containers,Transactional,0,0.335,No competitor ranking
self storage containers for rent,170,15,19,Royal Wolf,Mobile Storage/Containers,Transactional,0,0.335,No competitor ranking
cargo containers for sale,260,27,1,Royal Wolf,Mobile Storage/Containers,Commercial,0,0.334,No competitor ranking
self storage units geelong,260,27,16,Royal Wolf,Mobile Storage/Containers,Commercial,0,0.334,No competitor ranking
cargo containers for sale,260,27,17,Royal Wolf,Mobile Storage/Containers,Commercial,0,0.334,No competitor ranking
20 foot container home,210,2,15,Royal Wolf,Mobile Storage/Containers,Commercial,0,0.333,No competitor ranking
3.5 tonne excavator,210,3,12,Orange Hire,General Equipment,Commercial,0,0.332,No competitor ranking
trench shoring,260,28,2,Shore Hire,Trench Safety/Specialty,Commercial,0,0.332,No competitor ranking
trench shoring,260,28,13,Shore Hire,Trench Safety/Specialty,Commercial,0,0.332,No competitor ranking
excavator for hire near me,170,17,12,Orange Hire,General Equipment,Transactional,0,0.331,No competitor ranking
shipping container conversions,210,4,4,Royal Wolf,Mobile Storage/Containers,Commercial,0,0.33,No competitor ranking
shipping container hire melbourne,170,18,1,Royal Wolf,Mobile Storage/Containers,Transactional,0,0.329,No competitor ranking
shipping container hire perth,170,18,3,Royal Wolf,Mobile Storage/Containers,Transactional,0,0.329,No competitor ranking
shipping container hire melbourne,170,18,17,Royal Wolf,Mobile Storage/Containers,Transactional,0,0.329,No competitor ranking
storage containers prices,170,18,17,Royal Wolf,Mobile Storage/Containers,Transactional,0,0.329,No competitor ranking
dry hire digger,170,18,2,Orange Hire,General Equipment,Transactional,0,0.329,No competitor ranking
equipment hire townsville,170,18,5,Orange Hire,General Equipment,Transactional,0,0.329,No competitor ranking
dry hire digger,170,18,15,Orange Hire,General Equipment,Transactional,0,0.329,No competitor ranking
used shipping containers shipping containers,210,5,1,Royal Wolf,Mobile Storage/Containers,Commercial,0,0.328,No competitor ranking
containerized office,210,5,4,Royal Wolf,Mobile Storage/Containers,Commercial,0,0.328,No competitor ranking
reefer container for sale,210,5,5,Royal Wolf,Mobile Storage/Containers,Commercial,0,0.328,No competitor ranking
second hand shipping containers for sale,210,6,1,Royal Wolf,Mobile Storage/Containers,Commercial,0,0.326,No competitor ranking
hc container,210,6,7,Royal Wolf,Mobile Storage/Containers,Commercial,0,0.326,No competitor ranking
mini container,210,6,11,Royal Wolf,Mobile Storage/Containers,Commercial,0,0.326,No competitor ranking
second hand container homes for sale,210,6,17,Royal Wolf,Mobile Storage/Containers,Commercial,0,0.326,No competitor ranking
hc container,210,6,17,Royal Wolf,Mobile Storage/Containers,Commercial,0,0.326,No competitor ranking
formwork propping,210,6,2,Shore Hire,Trench Safety/Specialty,Commercial,0,0.326,No competitor ranking
shoring wall,210,6,4,Shore Hire,Trench Safety/Specialty,Commercial,0,0.326,No competitor ranking
acroprops,210,6,15,Shore Hire,Trench Safety/Specialty,Commercial,0,0.326,No competitor ranking
second hand containers for sale,210,7,1,Royal Wolf,Mobile Storage/Containers,Commercial,0,0.325,No competitor ranking
shipping containers perth,210,8,3,Royal Wolf,Mobile Storage/Containers,Commercial,0,0.323,No competitor ranking
shipping containers perth,210,8,12,Royal Wolf,Mobile Storage/Containers,Commercial,0,0.323,No competitor ranking
shipping containers melbourne,260,32,11,Royal Wolf,Mobile Storage/Containers,Commercial,0,0.322,No competitor ranking
flat rack container,210,9,1,Royal Wolf,Mobile Storage/Containers,Commercial,0,0.321,No competitor ranking
open top container,210,9,1,Royal Wolf,Mobile Storage/Containers,Commercial,0,0.321,No competitor ranking
40 foot container for sale,210,9,2,Royal Wolf,Mobile Storage/Containers,Commercial,0,0.321,No competitor ranking
shipping containers hobart,210,9,3,Royal Wolf,Mobile Storage/Containers,Commercial,0,0.321,No competitor ranking
40 foot container for sale,210,9,15,Royal Wolf,Mobile Storage/Containers,Commercial,0,0.321,No competitor ranking
shipping containers hobart,210,9,18,Royal Wolf,Mobile Storage/Containers,Commercial,0,0.321,No competitor ranking
shipping container cafe,210,10,1,Royal Wolf,Mobile Storage/Containers,Commercial,0,0.319,No competitor ranking
portable kitchens,210,10,12,Royal Wolf,Mobile Storage/Containers,Commercial,0,0.319,No competitor ranking
rent a container,170,23,7,Royal Wolf,Mobile Storage/Containers,Transactional,0,0.319,No competitor ranking
1.7t excavator,210,10,18,Orange Hire,General Equipment,Commercial,0,0.319,No competitor ranking
3.5 t excavator,210,10,18,Orange Hire,General Equipment,Commercial,0,0.319,No competitor ranking
shipping container 20ft,210,11,2,Royal Wolf,Mobile Storage/Containers,Commercial,0,0.318,No competitor ranking
storage container houses,210,11,18,Royal Wolf,Mobile Storage/Containers,Commercial,0,0.318,No competitor ranking
trenching and shoring,210,11,4,Shore Hire,Trench Safety/Specialty,Commercial,0,0.318,No competitor ranking
shipping container movers,210,12,1,Royal Wolf,Mobile Storage/Containers,Commercial,0,0.316,No competitor ranking
shipping container services,260,35,8,Royal Wolf,Mobile Storage/Containers,Commercial,0,0.315,No competitor ranking
reefer container hire,140,1,2,Royal Wolf,Mobile Storage/Containers,Transactional,0,0.315,No competitor ranking
weight 20ft container,210,13,8,Royal Wolf,Mobile Storage/Containers,Commercial,0,0.314,No competitor ranking
sea container house,210,13,14,Royal Wolf,Mobile Storage/Containers,Commercial,0,0.314,No competitor ranking
storage containers adelaide,210,13,19,Royal Wolf,Mobile Storage/Containers,Commercial,0,0.314,No competitor ranking
hire storage container,170,25,4,Royal Wolf,Mobile Storage/Containers,Transactional,0,0.314,No competitor ranking
used shipping containers prices,140,2,1,Royal Wolf,Mobile Storage/Containers,Transactional,0,0.314,No competitor ranking
containers near me,260,36,14,Royal Wolf,Mobile Storage/Containers,Commercial,0,0.313,No competitor ranking
tas shipping containers,210,14,4,Royal Wolf,Mobile Storage/Containers,Commercial,0,0.312,No competitor ranking
tas shipping containers,210,14,15,Royal Wolf,Mobile Storage/Containers,Commercial,0,0.312,No competitor ranking
second hand shipping containers prices,140,4,1,Royal Wolf,Mobile Storage/Containers,Transactional,0,0.311,No competitor ranking
hire acrow props,140,4,3,Shore Hire,Trench Safety/Specialty,Transactional,0,0.311,No competitor ranking
shipping container sales,260,37,2,Royal Wolf,Mobile Storage/Containers,Commercial,0,0.31,No competitor ranking
shipping container sales,260,37,4,Royal Wolf,Mobile Storage/Containers,Commercial,0,0.31,No competitor ranking
kalgoorlie self storage,210,15,4,Royal Wolf,Mobile Storage/Containers,Commercial,0,0.31,No competitor ranking
kalgoorlie self storage,210,15,18,Royal Wolf,Mobile Storage/Containers,Commercial,0,0.31,No competitor ranking
10ft container dimensions,210,16,2,Royal Wolf,Mobile Storage/Containers,Commercial,0,0.309,No competitor ranking
10 foot shipping container for sale,210,16,2,Royal Wolf,Mobile Storage/Containers,Commercial,0,0.309,No competitor ranking
size of shipping containers,210,16,3,Royal Wolf,Mobile Storage/Containers,Commercial,0,0.309,No competitor ranking
standard shipping container size,210,16,5,Royal Wolf,Mobile Storage/Containers,Commercial,0,0.309,No competitor ranking
storage units geraldton,210,16,6,Royal Wolf,Mobile Storage/Containers,Commercial,0,0.309,No competitor ranking
10ft container dimensions,210,16,8,Royal Wolf,Mobile Storage/Containers,Commercial,0,0.309,No competitor ranking
10 foot shipping container for sale,210,16,8,Royal Wolf,Mobile Storage/Containers,Commercial,0,0.309,No competitor ranking
storage units geraldton,210,16,18,Royal Wolf,Mobile Storage/Containers,Commercial,0,0.309,No competitor ranking
shipping containers for sale price list,140,5,3,Royal Wolf,Mobile Storage/Containers,Transactional,0,0.309,No competitor ranking
shipping container prices australia,140,5,4,Royal Wolf,Mobile Storage/Containers,Transactional,0,0.309,No competitor ranking
40ft container price,140,5,5,Royal Wolf,Mobile Storage/Containers,Transactional,0,0.309,No competitor ranking
shipping container prices australia,140,5,19,Royal Wolf,Mobile Storage/Containers,Transactional,0,0.309,No competitor ranking
container hire brisbane,170,28,1,Royal Wolf,Mobile Storage/Containers,Transactional,0,0.308,No competitor ranking
self storage newcastle,210,17,10,Royal Wolf,Mobile Storage/Containers,Commercial,0,0.307,No competitor ranking
clayton storage,210,17,12,Royal Wolf,Mobile Storage/Containers,Commercial,0,0.307,No competitor ranking
buy a used shipping container,140,6,1,Royal Wolf,Mobile Storage/Containers,Transactional,0,0.307,No competitor ranking
20ft shipping container prices australia,140,6,3,Royal Wolf,Mobile Storage/Containers,Transactional,0,0.307,No competitor ranking
20ft shipping container prices australia,140,6,16,Royal Wolf,Mobile Storage/Containers,Transactional,0,0.307,No competitor ranking
30 ton excavator,210,17,9,Orange Hire,General Equipment,Commercial,0,0.307,No competitor ranking
40ft shipping container price australia,140,7,5,Royal Wolf,Mobile Storage/Containers,Transactional,0,0.306,No competitor ranking
40ft shipping container price australia,140,7,13,Royal Wolf,Mobile Storage/Containers,Transactional,0,0.306,No competitor ranking
moving container,260,39,5,Royal Wolf,Mobile Storage/Containers,Commercial,0,0.305,No competitor ranking
royal wolf shipping containers,210,18,1,Royal Wolf,Mobile Storage/Containers,Commercial,0,0.305,No competitor ranking
shipping container buy,140,8,1,Royal Wolf,Mobile Storage/Containers,Transactional,0,0.304,No competitor ranking
self storage wagga,210,19,19,Royal Wolf,Mobile Storage/Containers,Commercial,0,0.303,No competitor ranking
sea container hire,170,31,4,Royal Wolf,Mobile Storage/Containers,Transactional,0,0.302,No competitor ranking
sea container hire,170,31,13,Royal Wolf,Mobile Storage/Containers,Transactional,0,0.302,No competitor ranking
shipping container cost used,140,9,1,Royal Wolf,Mobile Storage/Containers,Transactional,0,0.302,No competitor ranking
loader for hire,140,9,12,Orange Hire,General Equipment,Transactional,0,0.302,No competitor ranking
sea freight container sizes,210,20,6,Royal Wolf,Mobile Storage/Containers,Commercial,0,0.301,No competitor ranking
total containers,260,41,19,Royal Wolf,Mobile Storage/Containers,Commercial,0,0.3,No competitor ranking
20 foot container size,210,21,7,Royal Wolf,Mobile Storage/Containers,Commercial,0,0.299,No competitor ranking
shipping containers for sale victoria,210,21,9,Royal Wolf,Mobile Storage/Containers,Commercial,0,0.299,No competitor ranking
container housing,210,21,11,Royal Wolf,Mobile Storage/Containers,Commercial,0,0.299,No competitor ranking
20 container dimensions,210,21,12,Royal Wolf,Mobile Storage/Containers,Commercial,0,0.299,No competitor ranking
shipping containers for sale victoria,210,21,18,Royal Wolf,Mobile Storage/Containers,Commercial,0,0.299,No competitor ranking
self storage albury,210,22,12,Royal Wolf,Mobile Storage/Containers,Commercial,0,0.297,No competitor ranking
canberra self storage,210,22,17,Royal Wolf,Mobile Storage/Containers,Commercial,0,0.297,No competitor ranking
cost of containers,140,12,4,Royal Wolf,Mobile Storage/Containers,Transactional,0,0.297,No competitor ranking
fleet shipping conta,260,43,9,Royal Wolf,Mobile Storage/Containers,Commercial,0,0.295,No competitor ranking
self storage containers brisbane,210,23,4,Royal Wolf,Mobile Storage/Containers,Commercial,0,0.295,No competitor ranking
self storage containers brisbane,210,23,16,Royal Wolf,Mobile Storage/Containers,Commercial,0,0.295,No competitor ranking
shipping crates for sale near me,210,23,16,Royal Wolf,Mobile Storage/Containers,Commercial,0,0.295,No competitor ranking
wolf containers,210,24,1,Royal Wolf,Mobile Storage/Containers,Commercial,0,0.294,No competitor ranking
shipping containers for sale brisbane queensland,210,24,5,Royal Wolf,Mobile Storage/Containers,Commercial,0,0.294,No competitor ranking
shipping containers for sale melbourne,210,24,7,Royal Wolf,Mobile Storage/Containers,Commercial,0,0.294,No competitor ranking
storage hobart tas,210,24,17,Royal Wolf,Mobile Storage/Containers,Commercial,0,0.294,No competitor ranking
shipping containers for sale melbourne,210,24,19,Royal Wolf,Mobile Storage/Containers,Commercial,0,0.294,No competitor ranking
40 foot container cost,140,14,7,Royal Wolf,Mobile Storage/Containers,Transactional,0,0.294,No competitor ranking
40 foot container cost,140,14,10,Royal Wolf,Mobile Storage/Containers,Transactional,0,0.294,No competitor ranking
prop hire melbourne,170,35,15,Shore Hire,Trench Safety/Specialty,Transactional,0,0.293,No competitor ranking
storage unit townsville,210,25,18,Royal Wolf,Mobile Storage/Containers,Commercial,0,0.292,No competitor ranking
sea container hire melbourne,140,16,4,Royal Wolf,Mobile Storage/Containers,Transactional,0,0.29,No competitor ranking
sea container hire melbourne,140,16,20,Royal Wolf,Mobile Storage/Containers,Transactional,0,0.29,No competitor ranking
shoring up,210,26,14,Shore Hire,Trench Safety/Specialty,Commercial,0,0.29,No competitor ranking
excavator to hire,140,17,3,Orange Hire,General Equipment,Transactional,0,0.289,No competitor ranking
hire townsville equipment hire,140,17,6,Orange Hire,General Equipment,Transactional,0,0.289,No competitor ranking
excavator to hire,140,17,19,Orange Hire,General Equipment,Transactional,0,0.289,No competitor ranking
shipping containers 10ft,170,2,3,Royal Wolf,Mobile Storage/Containers,Commercial,0,0.288,No competitor ranking
container lock,170,2,8,Royal Wolf,Mobile Storage/Containers,Commercial,0,0.288,No competitor ranking
20 foot container house,170,2,12,Royal Wolf,Mobile Storage/Containers,Commercial,0,0.288,No competitor ranking
storage container rent,140,18,14,Royal Wolf,Mobile Storage/Containers,Transactional,0,0.287,No competitor ranking
digger dry hire,140,18,2,Orange Hire,General Equipment,Transactional,0,0.287,No competitor ranking
digger dry hire,140,18,13,Orange Hire,General Equipment,Transactional,0,0.287,No competitor ranking
ref container,210,28,3,Royal Wolf,Mobile Storage/Containers,Commercial,0,0.286,No competitor ranking
container for,210,28,5,Royal Wolf,Mobile Storage/Containers,Commercial,0,0.286,No competitor ranking
mini storage albury,210,28,19,Royal Wolf,Mobile Storage/Containers,Commercial,0,0.286,No competitor ranking
container home for sale,170,3,17,Royal Wolf,Mobile Storage/Containers,Commercial,0,0.286,No competitor ranking
1.7 t excavator,170,3,14,Orange Hire,General Equipment,Commercial,0,0.286,No competitor ranking
refrigerated containers for sale,170,4,3,Royal Wolf,Mobile Storage/Containers,Commercial,0,0.285,No competitor ranking
refrigerated containers for sale,170,4,12,Royal Wolf,Mobile Storage/Containers,Commercial,0,0.285,No competitor ranking
container ramps,170,4,20,Royal Wolf,Mobile Storage/Containers,Commercial,0,0.285,No competitor ranking
storage container prices,140,19,8,Royal Wolf,Mobile Storage/Containers,Transactional,0,0.285,No competitor ranking
2.5 t excavator,170,4,8,Orange Hire,General Equipment,Commercial,0,0.285,No competitor ranking
excavator licence nsw,170,4,20,Orange Hire,General Equipment,Commercial,0,0.285,No competitor ranking
hire small excavator,140,19,12,Orange Hire,General Equipment,Transactional,0,0.285,No competitor ranking
sea land containers for sale,210,29,1,Royal Wolf,Mobile Storage/Containers,Commercial,0,0.284,No competitor ranking
sea land containers for sale,210,29,15,Royal Wolf,Mobile Storage/Containers,Commercial,0,0.284,No competitor ranking
hire shipping containers,170,39,2,Royal Wolf,Mobile Storage/Containers,Transactional,0,0.284,No competitor ranking
hire shipping containers,170,39,10,Royal Wolf,Mobile Storage/Containers,Transactional,0,0.284,No competitor ranking
used shipping container for sale,170,6,1,Royal Wolf,Mobile Storage/Containers,Commercial,0,0.282,No competitor ranking
shipping containers used,170,6,1,Royal Wolf,Mobile Storage/Containers,Commercial,0,0.282,No competitor ranking
2nd hand containers for sale,170,6,1,Royal Wolf,Mobile Storage/Containers,Commercial,0,0.282,No competitor ranking
40ft shipping containers,170,6,3,Royal Wolf,Mobile Storage/Containers,Commercial,0,0.282,No competitor ranking
40ft shipping containers,170,6,13,Royal Wolf,Mobile Storage/Containers,Commercial,0,0.282,No competitor ranking
trench shield,170,6,5,Shore Hire,Trench Safety/Specialty,Commercial,0,0.282,No competitor ranking
trench shield,170,6,17,Shore Hire,Trench Safety/Specialty,Commercial,0,0.282,No competitor ranking
how much is a shipping container,320,14,3,Royal Wolf,Mobile Storage/Containers,Informational,0,0.28,No competitor ranking
container conversions,170,7,3,Royal Wolf,Mobile Storage/Containers,Commercial,0,0.28,No competitor ranking
40 foot shipping container for sale,170,7,7,Royal Wolf,Mobile Storage/Containers,Commercial,0,0.28,No competitor ranking
shipping container melbourne,170,7,8,Royal Wolf,Mobile Storage/Containers,Commercial,0,0.28,No competitor ranking
40 foot shipping container for sale,170,7,17,Royal Wolf,Mobile Storage/Containers,Commercial,0,0.28,No competitor ranking
rent excavator,140,22,4,Orange Hire,General Equipment,Transactional,0,0.28,No competitor ranking
equipment hire canberra,140,22,6,Orange Hire,General Equipment,Transactional,0,0.28,No competitor ranking
trench box,170,7,1,Shore Hire,Trench Safety/Specialty,Commercial,0,0.28,No competitor ranking
titan props,170,7,1,Shore Hire,Trench Safety/Specialty,Commercial,0,0.28,No competitor ranking
titan props,170,7,4,Shore Hire,Trench Safety/Specialty,Commercial,0,0.28,No competitor ranking
trench box,170,7,5,Shore Hire,Trench Safety/Specialty,Commercial,0,0.28,No competitor ranking
used containers for sale,170,8,1,Royal Wolf,Mobile Storage/Containers,Commercial,0,0.279,No competitor ranking
shipping containers for sale adelaide,170,8,4,Royal Wolf,Mobile Storage/Containers,Commercial,0,0.279,No competitor ranking
coffee shop in a shipping container,170,8,5,Royal Wolf,Mobile Storage/Containers,Commercial,0,0.279,No competitor ranking
20ft container internal dimensions,170,8,8,Royal Wolf,Mobile Storage/Containers,Commercial,0,0.279,No competitor ranking
mini containers,170,8,14,Royal Wolf,Mobile Storage/Containers,Commercial,0,0.279,No competitor ranking
storage kalgoorlie,170,9,5,Royal Wolf,Mobile Storage/Containers,Commercial,0,0.277,No competitor ranking
shipping containers for sale gold coast,170,10,1,Royal Wolf,Mobile Storage/Containers,Commercial,0,0.276,No competitor ranking
self storage wandal,170,10,6,Royal Wolf,Mobile Storage/Containers,Commercial,0,0.276,No competitor ranking
20 ft container size,170,10,8,Royal Wolf,Mobile Storage/Containers,Commercial,0,0.276,No competitor ranking
shipping containers for sale gold coast,170,10,12,Royal Wolf,Mobile Storage/Containers,Commercial,0,0.276,No competitor ranking
how wide is a shipping container,320,17,6,Royal Wolf,Mobile Storage/Containers,Informational,0,0.275,No competitor ranking
freight cargo containers,210,34,1,Royal Wolf,Mobile Storage/Containers,Commercial,0,0.274,No competitor ranking
10ft container for sale,170,11,4,Royal Wolf,Mobile Storage/Containers,Commercial,0,0.274,No competitor ranking
10ft container for sale,170,11,10,Royal Wolf,Mobile Storage/Containers,Commercial,0,0.274,No competitor ranking
excavators rental,140,25,4,Orange Hire,General Equipment,Transactional,0,0.274,No competitor ranking
shipping container purchase,140,26,2,Royal Wolf,Mobile Storage/Containers,Transactional,0,0.273,No competitor ranking
shipping container purchase,140,26,19,Royal Wolf,Mobile Storage/Containers,Transactional,0,0.273,No competitor ranking
shipping container shipping rates,170,12,13,Royal Wolf,Mobile Storage/Containers,Commercial,0,0.272,No competitor ranking
small shipping containers for sale,170,13,2,Royal Wolf,Mobile Storage/Containers,Commercial,0,0.271,No competitor ranking
small shipping containers for sale,170,13,4,Royal Wolf,Mobile Storage/Containers,Commercial,0,0.271,No competitor ranking
10 foot container dimensions,170,13,4,Royal Wolf,Mobile Storage/Containers,Commercial,0,0.271,No competitor ranking
internal dimensions 40ft container,170,13,8,Royal Wolf,Mobile Storage/Containers,Commercial,0,0.271,No competitor ranking
container storage sydney,170,13,10,Royal Wolf,Mobile Storage/Containers,Commercial,0,0.271,No competitor ranking
portable office buildings,170,13,12,Royal Wolf,Mobile Storage/Containers,Commercial,0,0.271,No competitor ranking
container street,170,13,14,Royal Wolf,Mobile Storage/Containers,Commercial,0,0.271,No competitor ranking
container store store,210,36,6,Royal Wolf,Mobile Storage/Containers,Commercial,0,0.269,No competitor ranking
moving a shipping container,170,14,1,Royal Wolf,Mobile Storage/Containers,Commercial,0,0.269,No competitor ranking
internal measurements of a 40ft container,170,14,15,Royal Wolf,Mobile Storage/Containers,Commercial,0,0.269,No competitor ranking
shipping container hire brisbane,140,28,1,Royal Wolf,Mobile Storage/Containers,Transactional,0,0.269,No competitor ranking
shipping container hire brisbane,140,28,17,Royal Wolf,Mobile Storage/Containers,Transactional,0,0.269,No competitor ranking
earthworks equipment hire,140,29,11,Orange Hire,General Equipment,Transactional,0,0.267,No competitor ranking
storage units kalgoorlie,170,16,3,Royal Wolf,Mobile Storage/Containers,Commercial,0,0.266,No competitor ranking
self storage geraldton,170,16,3,Royal Wolf,Mobile Storage/Containers,Commercial,0,0.266,No competitor ranking
storage geraldton,170,16,4,Royal Wolf,Mobile Storage/Containers,Commercial,0,0.266,No competitor ranking
shipping containers for sale sydney,170,16,6,Royal Wolf,Mobile Storage/Containers,Commercial,0,0.266,No competitor ranking
self storage geraldton,170,16,8,Royal Wolf,Mobile Storage/Containers,Commercial,0,0.266,No competitor ranking
shipping container internal dimensions,170,16,8,Royal Wolf,Mobile Storage/Containers,Commercial,0,0.266,No competitor ranking
40ft container internal dimensions,170,16,10,Royal Wolf,Mobile Storage/Containers,Commercial,0,0.266,No competitor ranking
shipping containers for sale sydney,170,16,13,Royal Wolf,Mobile Storage/Containers,Commercial,0,0.266,No competitor ranking
40 foot container internal dimensions,170,16,20,Royal Wolf,Mobile Storage/Containers,Commercial,0,0.266,No competitor ranking
shipping container room,170,17,1,Royal Wolf,Mobile Storage/Containers,Commercial,0,0.265,No competitor ranking
royal wolf container,170,17,1,Royal Wolf,Mobile Storage/Containers,Commercial,0,0.265,No competitor ranking
container storage units for sale,170,17,2,Royal Wolf,Mobile Storage/Containers,Commercial,0,0.265,No competitor ranking
height of a shipping container,170,17,3,Royal Wolf,Mobile Storage/Containers,Commercial,0,0.265,No competitor ranking
storage containers perth,170,17,7,Royal Wolf,Mobile Storage/Containers,Commercial,0,0.265,No competitor ranking
shipping container room,170,17,9,Royal Wolf,Mobile Storage/Containers,Commercial,0,0.265,No competitor ranking
shipping container sizes in meters,170,17,9,Royal Wolf,Mobile Storage/Containers,Commercial,0,0.265,No competitor ranking
container storage units for sale,170,17,13,Royal Wolf,Mobile Storage/Containers,Commercial,0,0.265,No competitor ranking
30 ton digger,170,17,16,Orange Hire,General Equipment,Commercial,0,0.265,No competitor ranking
shipping containers adelaide sa,170,18,5,Royal Wolf,Mobile Storage/Containers,Commercial,0,0.263,No competitor ranking
container storage melbourne australia,170,18,18,Royal Wolf,Mobile Storage/Containers,Commercial,0,0.263,No competitor ranking
40 foot container price,110,4,6,Royal Wolf,Mobile Storage/Containers,Transactional,0,0.262,No competitor ranking
40 foot container price,110,4,16,Royal Wolf,Mobile Storage/Containers,Transactional,0,0.262,No competitor ranking
earthmoving equipment hire service near me,140,32,6,Orange Hire,General Equipment,Transactional,0,0.261,No competitor ranking
newcastle storage,170,20,10,Royal Wolf,Mobile Storage/Containers,Commercial,0,0.26,No competitor ranking
buy 10ft container,110,6,2,Royal Wolf,Mobile Storage/Containers,Transactional,0,0.26,No competitor ranking
cost for shipping container,110,6,5,Royal Wolf,Mobile Storage/Containers,Transactional,0,0.26,No competitor ranking
price of 40ft container,110,6,6,Royal Wolf,Mobile Storage/Containers,Transactional,0,0.26,No competitor ranking
20ft shipping container price,110,6,6,Royal Wolf,Mobile Storage/Containers,Transactional,0,0.26,No competitor ranking
cost of 20ft shipping container,110,6,6,Royal Wolf,Mobile Storage/Containers,Transactional,0,0.26,No competitor ranking
buy 10ft container,110,6,8,Royal Wolf,Mobile Storage/Containers,Transactional,0,0.26,No competitor ranking
20ft shipping container price,110,6,11,Royal Wolf,Mobile Storage/Containers,Transactional,0,0.26,No competitor ranking
price of 40ft container,110,6,14,Royal Wolf,Mobile Storage/Containers,Transactional,0,0.26,No competitor ranking
excavator hire newcastle,110,6,2,Orange Hire,General Equipment,Transactional,0,0.26,No competitor ranking
purchase storage containers,140,33,1,Royal Wolf,Mobile Storage/Containers,Transactional,0,0.259,No competitor ranking
purchase storage containers,140,33,3,Royal Wolf,Mobile Storage/Containers,Transactional,0,0.259,No competitor ranking
shipping container sale,170,21,1,Royal Wolf,Mobile Storage/Containers,Commercial,0,0.258,No competitor ranking
container portable storage,170,21,2,Royal Wolf,Mobile Storage/Containers,Commercial,0,0.258,No competitor ranking
shipping containers newcastle,170,21,3,Royal Wolf,Mobile Storage/Containers,Commercial,0,0.258,No competitor ranking
storage containers brisbane,170,21,4,Royal Wolf,Mobile Storage/Containers,Commercial,0,0.258,No competitor ranking
shipping containers newcastle,170,21,18,Royal Wolf,Mobile Storage/Containers,Commercial,0,0.258,No competitor ranking
mini excavator hire brisbane,110,7,6,Orange Hire,General Equipment,Transactional,0,0.258,No competitor ranking
container storage near me,170,22,1,Royal Wolf,Mobile Storage/Containers,Commercial,0,0.257,No competitor ranking
container storage near me,170,22,4,Royal Wolf,Mobile Storage/Containers,Commercial,0,0.257,No competitor ranking
20 container size,170,22,7,Royal Wolf,Mobile Storage/Containers,Commercial,0,0.257,No competitor ranking
equipment hire toowoomba qld,110,8,4,Orange Hire,General Equipment,Transactional,0,0.257,No competitor ranking
shipping container hire qld,140,35,1,Royal Wolf,Mobile Storage/Containers,Transactional,0,0.255,No competitor ranking
shipping container hire qld,140,35,14,Royal Wolf,Mobile Storage/Containers,Transactional,0,0.255,No competitor ranking
5t excavator hire,110,9,10,Orange Hire,General Equipment,Transactional,0,0.255,No competitor ranking
shipping container locks,140,0,9,Royal Wolf,Mobile Storage/Containers,Commercial,0,0.254,No competitor ranking
excavator hire townsville,110,10,6,Orange Hire,General Equipment,Transactional,0,0.254,No competitor ranking
purchase 20 ft container,110,11,3,Royal Wolf,Mobile Storage/Containers,Transactional,0,0.253,No competitor ranking
purchase 20 ft container,110,11,6,Royal Wolf,Mobile Storage/Containers,Transactional,0,0.253,No competitor ranking
shipping containers sales,170,25,1,Royal Wolf,Mobile Storage/Containers,Commercial,0,0.252,No competitor ranking
shipping containers sales,170,25,20,Royal Wolf,Mobile Storage/Containers,Commercial,0,0.252,No competitor ranking
shipping container kitchen,140,1,2,Royal Wolf,Mobile Storage/Containers,Commercial,0,0.252,No competitor ranking
mini shipping container,140,1,2,Royal Wolf,Mobile Storage/Containers,Commercial,0,0.252,No competitor ranking
portable shutdown and workshop containers,140,2,2,Royal Wolf,Mobile Storage/Containers,Commercial,0,0.251,No competitor ranking
portable shutdown and workshop containers,140,2,20,Royal Wolf,Mobile Storage/Containers,Commercial,0,0.251,No competitor ranking
buy 20 foot container,110,12,3,Royal Wolf,Mobile Storage/Containers,Transactional,0,0.251,No competitor ranking
shipping by container prices,110,12,4,Royal Wolf,Mobile Storage/Containers,Transactional,0,0.251,No competitor ranking
rent container storage,110,12,5,Royal Wolf,Mobile Storage/Containers,Transactional,0,0.251,No competitor ranking
buy 20 foot container,110,12,9,Royal Wolf,Mobile Storage/Containers,Transactional,0,0.251,No competitor ranking
portable toilet trailer,140,2,4,Orange Hire,Mobile Storage/Containers,Commercial,0,0.251,No competitor ranking
shipping container dimensions australia,140,3,3,Royal Wolf,Mobile Storage/Containers,Commercial,0,0.25,No competitor ranking
shipping container ramp,140,3,9,Royal Wolf,Mobile Storage/Containers,Commercial,0,0.25,No competitor ranking
20ft container house,140,3,19,Royal Wolf,Mobile Storage/Containers,Commercial,0,0.25,No competitor ranking
2nd hand shipping container,140,4,1,Royal Wolf,Mobile Storage/Containers,Commercial,0,0.248,No competitor ranking
portable lunch rooms,140,4,2,Royal Wolf,Mobile Storage/Containers,Commercial,0,0.248,No competitor ranking
refrigerated shipping container for sale,140,4,2,Royal Wolf,Mobile Storage/Containers,Commercial,0,0.248,No competitor ranking
shipping container sizes australia,140,4,3,Royal Wolf,Mobile Storage/Containers,Commercial,0,0.248,No competitor ranking
40 foot containers,140,4,3,Royal Wolf,Mobile Storage/Containers,Commercial,0,0.248,No competitor ranking
10 foot sea container,140,4,4,Royal Wolf,Mobile Storage/Containers,Commercial,0,0.248,No competitor ranking
refrigerated shipping container for sale,140,4,12,Royal Wolf,Mobile Storage/Containers,Commercial,0,0.248,No competitor ranking
buy 20 feet container,110,14,3,Royal Wolf,Mobile Storage/Containers,Transactional,0,0.248,No competitor ranking
buy 20 feet container,110,14,7,Royal Wolf,Mobile Storage/Containers,Transactional,0,0.248,No competitor ranking
2.5t excavator,140,4,9,Orange Hire,General Equipment,Commercial,0,0.248,No competitor ranking
second hand shipping containers,140,5,1,Royal Wolf,Mobile Storage/Containers,Commercial,0,0.247,No competitor ranking
10ft shipping containers for sale,140,5,3,Royal Wolf,Mobile Storage/Containers,Commercial,0,0.247,No competitor ranking
10ft shipping containers for sale,140,5,16,Royal Wolf,Mobile Storage/Containers,Commercial,0,0.247,No competitor ranking
storage container for rental,110,15,8,Royal Wolf,Mobile Storage/Containers,Transactional,0,0.247,No competitor ranking
storage container for rental,110,15,14,Royal Wolf,Mobile Storage/Containers,Transactional,0,0.247,No competitor ranking
push pull props,140,5,2,Shore Hire,Trench Safety/Specialty,Commercial,0,0.247,No competitor ranking
shipping containers for sale perth wa,170,28,3,Royal Wolf,Mobile Storage/Containers,Commercial,0,0.246,No competitor ranking
cheap shipping containers,170,28,4,Royal Wolf,Mobile Storage/Containers,Commercial,0,0.246,No competitor ranking
weight 20ft shipping container,170,28,7,Royal Wolf,Mobile Storage/Containers,Commercial,0,0.246,No competitor ranking
shipping containers for sale perth wa,170,28,10,Royal Wolf,Mobile Storage/Containers,Commercial,0,0.246,No competitor ranking
cheap shipping containers,170,28,16,Royal Wolf,Mobile Storage/Containers,Commercial,0,0.246,No competitor ranking
used cargo shipping containers,140,6,1,Royal Wolf,Mobile Storage/Containers,Commercial,0,0.246,No competitor ranking
shipping containers for sale toowoomba,140,6,1,Royal Wolf,Mobile Storage/Containers,Commercial,0,0.246,No competitor ranking
10 foot container for sale,140,6,2,Royal Wolf,Mobile Storage/Containers,Commercial,0,0.246,No competitor ranking
dangerous goods container,140,6,2,Royal Wolf,Mobile Storage/Containers,Commercial,0,0.246,No competitor ranking
chemical storage containers,140,6,2,Royal Wolf,Mobile Storage/Containers,Commercial,0,0.246,No competitor ranking
20 ft shipping container for sale,140,6,3,Royal Wolf,Mobile Storage/Containers,Commercial,0,0.246,No competitor ranking
shipping containers mackay,140,6,3,Royal Wolf,Mobile Storage/Containers,Commercial,0,0.246,No competitor ranking
shipping container door,140,6,9,Royal Wolf,Mobile Storage/Containers,Commercial,0,0.246,No competitor ranking
on site storage containers,140,6,9,Royal Wolf,Mobile Storage/Containers,Commercial,0,0.246,No competitor ranking
20 ft shipping container for sale,140,6,16,Royal Wolf,Mobile Storage/Containers,Commercial,0,0.246,No competitor ranking
10 foot container for sale,140,6,20,Royal Wolf,Mobile Storage/Containers,Commercial,0,0.246,No competitor ranking
skdi steer loader melbourne,140,6,17,Orange Hire,General Equipment,Commercial,0,0.246,No competitor ranking
strongboy prop,140,6,1,Shore Hire,Trench Safety/Specialty,Commercial,0,0.246,No competitor ranking
strongboy prop,140,6,3,Shore Hire,Trench Safety/Specialty,Commercial,0,0.246,No competitor ranking
trench cover,140,6,7,Shore Hire,Trench Safety/Specialty,Commercial,0,0.246,No competitor ranking
strongboy prop,140,6,16,Shore Hire,Trench Safety/Specialty,Commercial,0,0.246,No competitor ranking
frozen container for sale,140,7,2,Royal Wolf,Mobile Storage/Containers,Commercial,0,0.244,No competitor ranking
frozen container for sale,140,7,20,Royal Wolf,Mobile Storage/Containers,Commercial,0,0.244,No competitor ranking
shipping container to perth,140,7,20,Royal Wolf,Mobile Storage/Containers,Commercial,0,0.244,No competitor ranking
rent storage container,110,17,11,Royal Wolf,Mobile Storage/Containers,Transactional,0,0.244,No competitor ranking
hire an excavator,110,17,3,Orange Hire,General Equipment,Transactional,0,0.244,No competitor ranking
refrigerator containers,140,8,7,Royal Wolf,Mobile Storage/Containers,Commercial,0,0.243,No competitor ranking
containers for sale melbourne,140,8,8,Royal Wolf,Mobile Storage/Containers,Commercial,0,0.243,No competitor ranking
3.5t excavator,140,8,8,Orange Hire,General Equipment,Commercial,0,0.243,No competitor ranking
shipping containers tamworth,140,9,3,Royal Wolf,Mobile Storage/Containers,Commercial,0,0.242,No competitor ranking
cairns self storage sheds,140,9,16,Royal Wolf,Mobile Storage/Containers,Commercial,0,0.242,No competitor ranking
sea container sales,170,31,1,Royal Wolf,Mobile Storage/Containers,Commercial,0,0.241,No competitor ranking
shipping containers australia,170,31,2,Royal Wolf,Mobile Storage/Containers,Commercial,0,0.241,No competitor ranking
sea containers western australia,170,31,4,Royal Wolf,Mobile Storage/Containers,Commercial,0,0.241,No competitor ranking
sea containers western australia,170,31,19,Royal Wolf,Mobile Storage/Containers,Commercial,0,0.241,No competitor ranking
sea container sales,170,31,20,Royal Wolf,Mobile Storage/Containers,Commercial,0,0.241,No competitor ranking
container offices,140,11,2,Royal Wolf,Mobile Storage/Containers,Commercial,0,0.239,No competitor ranking
20 ft containers for sale near me,140,11,2,Royal Wolf,Mobile Storage/Containers,Commercial,0,0.239,No competitor ranking
containers for sale brisbane,140,11,9,Royal Wolf,Mobile Storage/Containers,Commercial,0,0.239,No competitor ranking
20 ft containers for sale near me,140,11,13,Royal Wolf,Mobile Storage/Containers,Commercial,0,0.239,No competitor ranking
self storage cairns,140,11,18,Royal Wolf,Mobile Storage/Containers,Commercial,0,0.239,No competitor ranking
purchase shipping container melbourne,110,20,8,Royal Wolf,Mobile Storage/Containers,Transactional,0,0.239,No competitor ranking
purchase shipping container melbourne,110,20,12,Royal Wolf,Mobile Storage/Containers,Transactional,0,0.239,No competitor ranking
30t excavator,140,11,8,Orange Hire,General Equipment,Commercial,0,0.239,No competitor ranking
8t excavator,140,11,13,Orange Hire,General Equipment,Commercial,0,0.239,No competitor ranking
refrigerated container for sale,140,12,2,Royal Wolf,Mobile Storage/Containers,Commercial,0,0.238,No competitor ranking
container room,140,12,3,Royal Wolf,Mobile Storage/Containers,Commercial,0,0.238,No competitor ranking
shipping containers hobart tasmania,140,12,4,Royal Wolf,Mobile Storage/Containers,Commercial,0,0.238,No competitor ranking
converted shipping containers,140,12,5,Royal Wolf,Mobile Storage/Containers,Commercial,0,0.238,No competitor ranking
shipping container shipping,140,12,7,Royal Wolf,Mobile Storage/Containers,Commercial,0,0.238,No competitor ranking
container room,140,12,8,Royal Wolf,Mobile Storage/Containers,Commercial,0,0.238,No competitor ranking
shipping containers hobart tasmania,140,12,18,Royal Wolf,Mobile Storage/Containers,Commercial,0,0.238,No competitor ranking
refrigerated container for sale,140,12,18,Royal Wolf,Mobile Storage/Containers,Commercial,0,0.238,No competitor ranking
container for hire,110,21,1,Royal Wolf,Mobile Storage/Containers,Transactional,0,0.238,No competitor ranking
shipping container rentals mackay,110,21,5,Royal Wolf,Mobile Storage/Containers,Transactional,0,0.238,No competitor ranking
container for hire,110,21,16,Royal Wolf,Mobile Storage/Containers,Transactional,0,0.238,No competitor ranking
equipment hire in melbourne,140,44,7,Orange Hire,General Equipment,Transactional,0,0.237,No competitor ranking
storage unit newcastle,170,34,18,Royal Wolf,Mobile Storage/Containers,Commercial,0,0.236,No competitor ranking
used shipping container,140,13,1,Royal Wolf,Mobile Storage/Containers,Commercial,0,0.236,No competitor ranking
refrigerated shipping container,140,13,1,Royal Wolf,Mobile Storage/Containers,Commercial,0,0.236,No competitor ranking
shipping container pricing,140,13,4,Royal Wolf,Mobile Storage/Containers,Commercial,0,0.236,No competitor ranking
height of shipping container,140,13,6,Royal Wolf,Mobile Storage/Containers,Commercial,0,0.236,No competitor ranking
container dimensões,140,13,7,Royal Wolf,Mobile Storage/Containers,Commercial,0,0.236,No competitor ranking
buying a storage container,110,22,2,Royal Wolf,Mobile Storage/Containers,Transactional,0,0.236,No competitor ranking
buy container brisbane,110,22,3,Royal Wolf,Mobile Storage/Containers,Transactional,0,0.236,No competitor ranking
cost shipping containers,110,22,5,Royal Wolf,Mobile Storage/Containers,Transactional,0,0.236,No competitor ranking
buy container brisbane,110,22,14,Royal Wolf,Mobile Storage/Containers,Transactional,0,0.236,No competitor ranking
20 foot sea container weight,140,14,6,Royal Wolf,Mobile Storage/Containers,Commercial,0,0.235,No competitor ranking
20ft shipping container weight,140,14,6,Royal Wolf,Mobile Storage/Containers,Commercial,0,0.235,No competitor ranking
shipping containers dimensions,140,14,7,Royal Wolf,Mobile Storage/Containers,Commercial,0,0.235,No competitor ranking
shipping container dimensions internal,140,14,7,Royal Wolf,Mobile Storage/Containers,Commercial,0,0.235,No competitor ranking
container door,140,14,10,Royal Wolf,Mobile Storage/Containers,Commercial,0,0.235,No competitor ranking
sand excavation,140,14,5,Shore Hire,Trench Safety/Specialty,Commercial,0,0.235,No competitor ranking
shipping container moving,140,15,1,Royal Wolf,Mobile Storage/Containers,Commercial,0,0.234,No competitor ranking
container kitchen,140,15,1,Royal Wolf,Mobile Storage/Containers,Commercial,0,0.234,No competitor ranking
20 feet container,140,15,4,Royal Wolf,Mobile Storage/Containers,Commercial,0,0.234,No competitor ranking
size of 20ft shipping container,140,15,5,Royal Wolf,Mobile Storage/Containers,Commercial,0,0.234,No competitor ranking
reefer containers,140,15,5,Royal Wolf,Mobile Storage/Containers,Commercial,0,0.234,No competitor ranking
shipping container internal sizes,140,15,7,Royal Wolf,Mobile Storage/Containers,Commercial,0,0.234,No competitor ranking
shipping container dimensions in meters,140,15,11,Royal Wolf,Mobile Storage/Containers,Commercial,0,0.234,No competitor ranking
elite container storage,140,15,15,Royal Wolf,Mobile Storage/Containers,Commercial,0,0.234,No competitor ranking
size of 20ft shipping container,140,15,19,Royal Wolf,Mobile Storage/Containers,Commercial,0,0.234,No competitor ranking
buying shipping containers,110,24,2,Royal Wolf,Mobile Storage/Containers,Transactional,0,0.233,No competitor ranking
excavation hire,110,24,3,Orange Hire,Trench Safety/Specialty,Transactional,0,0.233,No competitor ranking
excavator hire qld,110,24,6,Orange Hire,General Equipment,Transactional,0,0.233,No competitor ranking
excavator hire qld,110,24,10,Orange Hire,General Equipment,Transactional,0,0.233,No competitor ranking
transportable storage containers,170,36,5,Royal Wolf,Mobile Storage/Containers,Commercial,0,0.232,No competitor ranking
royal wolf shipping containers melbourne,140,16,1,Royal Wolf,Mobile Storage/Containers,Commercial,0,0.232,No competitor ranking
royal wolf shipping containers melbourne,140,16,2,Royal Wolf,Mobile Storage/Containers,Commercial,0,0.232,No competitor ranking
20 foot shipping container for sale,140,16,3,Royal Wolf,Mobile Storage/Containers,Commercial,0,0.232,No competitor ranking
shipping containers townsville,140,16,3,Royal Wolf,Mobile Storage/Containers,Commercial,0,0.232,No competitor ranking
royal wolf shipping containers melbourne,140,16,3,Royal Wolf,Mobile Storage/Containers,Commercial,0,0.232,No competitor ranking
royal wolf shipping containers melbourne,140,16,4,Royal Wolf,Mobile Storage/Containers,Commercial,0,0.232,No competitor ranking
royal wolf shipping containers melbourne,140,16,5,Royal Wolf,Mobile Storage/Containers,Commercial,0,0.232,No competitor ranking
royal wolf shipping containers melbourne,140,16,8,Royal Wolf,Mobile Storage/Containers,Commercial,0,0.232,No competitor ranking
royal wolf shipping containers melbourne,140,16,11,Royal Wolf,Mobile Storage/Containers,Commercial,0,0.232,No competitor ranking
royal wolf shipping containers melbourne,140,16,15,Royal Wolf,Mobile Storage/Containers,Commercial,0,0.232,No competitor ranking
shipping containers townsville,140,16,19,Royal Wolf,Mobile Storage/Containers,Commercial,0,0.232,No competitor ranking
smallest storage,170,37,16,Royal Wolf,Mobile Storage/Containers,Commercial,0,0.231,No competitor ranking
sea container for sale,140,17,1,Royal Wolf,Mobile Storage/Containers,Commercial,0,0.231,No competitor ranking
container height,140,17,3,Royal Wolf,Mobile Storage/Containers,Commercial,0,0.231,No competitor ranking
shipping container adelaide,140,17,4,Royal Wolf,Mobile Storage/Containers,Commercial,0,0.231,No competitor ranking
shipping containers for sale qld,140,17,7,Royal Wolf,Mobile Storage/Containers,Commercial,0,0.231,No competitor ranking
portable storage and moving pods,140,17,9,Royal Wolf,Mobile Storage/Containers,Commercial,0,0.231,No competitor ranking
storage sheds rockhampton,140,17,11,Royal Wolf,Mobile Storage/Containers,Commercial,0,0.231,No competitor ranking
shipping container storage melbourne,140,17,14,Royal Wolf,Mobile Storage/Containers,Commercial,0,0.231,No competitor ranking
shipping container adelaide,140,17,17,Royal Wolf,Mobile Storage/Containers,Commercial,0,0.231,No competitor ranking
20 foot containers for sale,140,18,3,Royal Wolf,Mobile Storage/Containers,Commercial,0,0.23,No competitor ranking
20 foot containers for sale,140,18,5,Royal Wolf,Mobile Storage/Containers,Commercial,0,0.23,No competitor ranking
equipment hire toowoomba,110,26,4,Orange Hire,General Equipment,Transactional,0,0.23,No competitor ranking
sea container sales perth,170,38,3,Royal Wolf,Mobile Storage/Containers,Commercial,0,0.229,No competitor ranking
portable storage container,140,19,7,Royal Wolf,Mobile Storage/Containers,Commercial,0,0.228,No competitor ranking
freight containers for sale,170,39,2,Royal Wolf,Mobile Storage/Containers,Commercial,0,0.227,No competitor ranking
freight containers for sale,170,39,4,Royal Wolf,Mobile Storage/Containers,Commercial,0,0.227,No competitor ranking
buy shipping containers perth,110,28,4,Royal Wolf,Mobile Storage/Containers,Transactional,0,0.227,No competitor ranking
buy shipping containers perth,110,28,9,Royal Wolf,Mobile Storage/Containers,Transactional,0,0.227,No competitor ranking
sea container for sale perth wa,140,21,3,Royal Wolf,Mobile Storage/Containers,Commercial,0,0.225,No competitor ranking
internal dimensions 20ft container,140,21,8,Royal Wolf,Mobile Storage/Containers,Commercial,0,0.225,No competitor ranking
sea container for sale perth wa,140,21,11,Royal Wolf,Mobile Storage/Containers,Commercial,0,0.225,No competitor ranking
cheap storage canberra,140,21,19,Royal Wolf,Mobile Storage/Containers,Commercial,0,0.225,No competitor ranking
shipping containers near me,140,22,3,Royal Wolf,Mobile Storage/Containers,Commercial,0,0.224,No competitor ranking
storage units batemans bay,140,22,6,Royal Wolf,Mobile Storage/Containers,Commercial,0,0.224,No competitor ranking
20ft container dimensions inside,140,22,9,Royal Wolf,Mobile Storage/Containers,Commercial,0,0.224,No competitor ranking
shipping containers near me,140,22,10,Royal Wolf,Mobile Storage/Containers,Commercial,0,0.224,No competitor ranking
benching excavation,140,22,2,Shore Hire,Trench Safety/Specialty,Commercial,0,0.224,No competitor ranking
container storage perth,140,23,5,Royal Wolf,Mobile Storage/Containers,Commercial,0,0.222,No competitor ranking
container storage perth,140,23,10,Royal Wolf,Mobile Storage/Containers,Commercial,0,0.222,No competitor ranking
cairns self storage,140,23,15,Royal Wolf,Mobile Storage/Containers,Commercial,0,0.222,No competitor ranking
sea container storage perth,140,26,7,Royal Wolf,Mobile Storage/Containers,Commercial,0,0.218,No competitor ranking
shipping containers sydney,170,44,4,Royal Wolf,Mobile Storage/Containers,Commercial,0,0.217,No competitor ranking
container shipping moving,140,27,1,Royal Wolf,Mobile Storage/Containers,Commercial,0,0.217,No competitor ranking
storage batemans bay,140,27,6,Royal Wolf,Mobile Storage/Containers,Commercial,0,0.217,No competitor ranking
affordable shipping containers,170,45,10,Royal Wolf,Mobile Storage/Containers,Commercial,0,0.215,No competitor ranking
storage containers service,140,29,6,Royal Wolf,Mobile Storage/Containers,Commercial,0,0.214,No competitor ranking
storage containers service,140,29,13,Royal Wolf,Mobile Storage/Containers,Commercial,0,0.214,No competitor ranking
40ft high cube container for sale,110,0,5,Royal Wolf,Mobile Storage/Containers,Commercial,0,0.214,No competitor ranking
shipping container with roller door,110,0,17,Royal Wolf,Mobile Storage/Containers,Commercial,0,0.214,No competitor ranking
construction machinery sales,140,29,9,Orange Hire,General Equipment,Commercial,0,0.214,No competitor ranking
40ft shipping container house,110,1,10,Royal Wolf,Mobile Storage/Containers,Commercial,0,0.213,No competitor ranking
shipping container homes sale,110,1,13,Royal Wolf,Mobile Storage/Containers,Commercial,0,0.213,No competitor ranking
push and pull props,110,1,2,Shore Hire,Trench Safety/Specialty,Commercial,0,0.213,No competitor ranking
storage in newcastle,140,30,11,Royal Wolf,Mobile Storage/Containers,Commercial,0,0.212,No competitor ranking
shipping container lock box,110,2,3,Royal Wolf,Mobile Storage/Containers,Commercial,0,0.212,No competitor ranking
tilt props,110,2,2,Shore Hire,Trench Safety/Specialty,Commercial,0,0.212,No competitor ranking
tilt props,110,2,6,Shore Hire,Trench Safety/Specialty,Commercial,0,0.212,No competitor ranking
shipping container small,110,3,2,Royal Wolf,Mobile Storage/Containers,Commercial,0,0.211,No competitor ranking
20 ft sea container for sale,110,3,3,Royal Wolf,Mobile Storage/Containers,Commercial,0,0.211,No competitor ranking
40 feet container,110,3,7,Royal Wolf,Mobile Storage/Containers,Commercial,0,0.211,No competitor ranking
20 ft sea container for sale,110,3,8,Royal Wolf,Mobile Storage/Containers,Commercial,0,0.211,No competitor ranking
office container,110,3,12,Royal Wolf,Mobile Storage/Containers,Commercial,0,0.211,No competitor ranking
office container,110,3,17,Royal Wolf,Mobile Storage/Containers,Commercial,0,0.211,No competitor ranking
excavator compaction wheel,110,3,10,Orange Hire,General Equipment,Commercial,0,0.211,No competitor ranking
container 40 ft for sale,110,4,2,Royal Wolf,Mobile Storage/Containers,Commercial,0,0.21,No competitor ranking
8ft shipping container,110,4,2,Royal Wolf,Mobile Storage/Containers,Commercial,0,0.21,No competitor ranking
shipping container as storage,110,4,3,Royal Wolf,Mobile Storage/Containers,Commercial,0,0.21,No competitor ranking
container workshop,110,4,3,Royal Wolf,Mobile Storage/Containers,Commercial,0,0.21,No competitor ranking
shipping container as storage,110,4,13,Royal Wolf,Mobile Storage/Containers,Commercial,0,0.21,No competitor ranking
container 40 ft for sale,110,4,17,Royal Wolf,Mobile Storage/Containers,Commercial,0,0.21,No competitor ranking
shoring excavation,110,4,1,Shore Hire,Trench Safety/Specialty,Commercial,0,0.21,No competitor ranking
sea containers wa,170,48,5,Royal Wolf,Mobile Storage/Containers,Commercial,0,0.209,No competitor ranking
flat rack shipping container,110,5,2,Royal Wolf,Mobile Storage/Containers,Commercial,0,0.209,No competitor ranking
40 ft container for sale,110,5,3,Royal Wolf,Mobile Storage/Containers,Commercial,0,0.209,No competitor ranking
40 ft containers for sale,110,5,3,Royal Wolf,Mobile Storage/Containers,Commercial,0,0.209,No competitor ranking
40 ft containers for sale,110,5,15,Royal Wolf,Mobile Storage/Containers,Commercial,0,0.209,No competitor ranking
30 tonne excavator,110,5,6,Orange Hire,General Equipment,Commercial,0,0.209,No competitor ranking
propping in construction,110,5,1,Shore Hire,Trench Safety/Specialty,Commercial,0,0.209,No competitor ranking
shoring boxes,110,5,1,Shore Hire,Trench Safety/Specialty,Commercial,0,0.209,No competitor ranking
adjustable props,110,5,9,Shore Hire,Trench Safety/Specialty,Commercial,0,0.209,No competitor ranking
shoring boxes,110,5,10,Shore Hire,Trench Safety/Specialty,Commercial,0,0.209,No competitor ranking
accrow props,110,5,17,Shore Hire,Trench Safety/Specialty,Commercial,0,0.209,No competitor ranking
shoring boxes,110,5,20,Shore Hire,Trench Safety/Specialty,Commercial,0,0.209,No competitor ranking
shipping containers for sale perth,140,33,4,Royal Wolf,Mobile Storage/Containers,Commercial,0,0.208,No competitor ranking
shipping containers for sale perth,140,33,15,Royal Wolf,Mobile Storage/Containers,Commercial,0,0.208,No competitor ranking
storage containers melbourne,140,33,19,Royal Wolf,Mobile Storage/Containers,Commercial,0,0.208,No competitor ranking
open top shipping container,110,6,1,Royal Wolf,Mobile Storage/Containers,Commercial,0,0.208,No competitor ranking
custom shipping containers,110,6,1,Royal Wolf,Mobile Storage/Containers,Commercial,0,0.208,No competitor ranking
shipping containers for sale cairns,110,6,1,Royal Wolf,Mobile Storage/Containers,Commercial,0,0.208,No competitor ranking
sea container conversions,110,6,2,Royal Wolf,Mobile Storage/Containers,Commercial,0,0.208,No competitor ranking
converted shipping container,110,6,3,Royal Wolf,Mobile Storage/Containers,Commercial,0,0.208,No competitor ranking
20ft sea container for sale perth,110,6,3,Royal Wolf,Mobile Storage/Containers,Commercial,0,0.208,No competitor ranking
new shipping containers rockhampton,110,6,4,Royal Wolf,Mobile Storage/Containers,Commercial,0,0.208,No competitor ranking
shipping container measurements australia,110,6,4,Royal Wolf,Mobile Storage/Containers,Commercial,0,0.208,No competitor ranking
40ft shipping containers for sale,110,6,5,Royal Wolf,Mobile Storage/Containers,Commercial,0,0.208,No competitor ranking
shipping containers for sale cairns,110,6,14,Royal Wolf,Mobile Storage/Containers,Commercial,0,0.208,No competitor ranking
container offices for sale,110,6,15,Royal Wolf,Mobile Storage/Containers,Commercial,0,0.208,No competitor ranking
tight access excavation,110,6,5,Orange Hire,Trench Safety/Specialty,Commercial,0,0.208,No competitor ranking
14t excavator,110,6,10,Orange Hire,General Equipment,Commercial,0,0.208,No competitor ranking
compaction plate,110,6,12,Orange Hire,General Equipment,Commercial,0,0.208,No competitor ranking
trench covers,110,6,4,Shore Hire,Trench Safety/Specialty,Commercial,0,0.208,No competitor ranking
10ft shipping container dimensions,110,7,1,Royal Wolf,Mobile Storage/Containers,Commercial,0,0.207,No competitor ranking
20 foot cargo containers for sale,110,7,4,Royal Wolf,Mobile Storage/Containers,Commercial,0,0.207,No competitor ranking
40 foot shipping containers for sale,110,7,4,Royal Wolf,Mobile Storage/Containers,Commercial,0,0.207,No competitor ranking
20 foot cargo containers for sale,110,7,7,Royal Wolf,Mobile Storage/Containers,Commercial,0,0.207,No competitor ranking
high cube shipping container,110,7,9,Royal Wolf,Mobile Storage/Containers,Commercial,0,0.207,No competitor ranking
10ft shipping container dimensions,110,7,19,Royal Wolf,Mobile Storage/Containers,Commercial,0,0.207,No competitor ranking
trench shields,110,7,4,Shore Hire,Trench Safety/Specialty,Commercial,0,0.207,No competitor ranking
trench shields,110,7,14,Shore Hire,Trench Safety/Specialty,Commercial,0,0.207,No competitor ranking
containers moving,140,34,3,Royal Wolf,Mobile Storage/Containers,Commercial,0,0.206,No competitor ranking
shipping containers cairns,110,8,1,Royal Wolf,Mobile Storage/Containers,Commercial,0,0.205,No competitor ranking
shipping containers launceston,110,8,2,Royal Wolf,Mobile Storage/Containers,Commercial,0,0.205,No competitor ranking
kalgoorlie storage,110,8,3,Royal Wolf,Mobile Storage/Containers,Commercial,0,0.205,No competitor ranking
shipping container for sale melbourne,110,8,6,Royal Wolf,Mobile Storage/Containers,Commercial,0,0.205,No competitor ranking
sizes of shipping containers in metres,110,8,7,Royal Wolf,Mobile Storage/Containers,Commercial,0,0.205,No competitor ranking
shipping containers launceston,110,8,14,Royal Wolf,Mobile Storage/Containers,Commercial,0,0.205,No competitor ranking
20ft storage container,110,9,1,Royal Wolf,Mobile Storage/Containers,Commercial,0,0.204,No competitor ranking
20ft containers for sale,110,9,4,Royal Wolf,Mobile Storage/Containers,Commercial,0,0.204,No competitor ranking
shipping container tasmania,110,9,8,Royal Wolf,Mobile Storage/Containers,Commercial,0,0.204,No competitor ranking
20ft containers for sale,110,9,12,Royal Wolf,Mobile Storage/Containers,Commercial,0,0.204,No competitor ranking
shipping container tasmania,110,9,16,Royal Wolf,Mobile Storage/Containers,Commercial,0,0.204,No competitor ranking
20ft storage container,110,9,17,Royal Wolf,Mobile Storage/Containers,Commercial,0,0.204,No competitor ranking
kubota skid steer loader for sale,110,9,14,Orange Hire,General Equipment,Commercial,0,0.204,No competitor ranking
chemical containers,110,10,2,Royal Wolf,Mobile Storage/Containers,Commercial,0,0.203,No competitor ranking
20ft containers,110,10,3,Royal Wolf,Mobile Storage/Containers,Commercial,0,0.203,No competitor ranking
container 40ft,110,10,3,Royal Wolf,Mobile Storage/Containers,Commercial,0,0.203,No competitor ranking
container 40ft,110,10,12,Royal Wolf,Mobile Storage/Containers,Commercial,0,0.203,No competitor ranking
shipping containers for sale townsville,110,11,2,Royal Wolf,Mobile Storage/Containers,Commercial,0,0.202,No competitor ranking
dimensions of a 20ft shipping container,110,11,4,Royal Wolf,Mobile Storage/Containers,Commercial,0,0.202,No competitor ranking
container storage adelaide,110,11,10,Royal Wolf,Mobile Storage/Containers,Commercial,0,0.202,No competitor ranking
shipping containers for sale townsville,110,11,18,Royal Wolf,Mobile Storage/Containers,Commercial,0,0.202,No competitor ranking
dimensions of a 20ft shipping container,110,11,20,Royal Wolf,Mobile Storage/Containers,Commercial,0,0.202,No competitor ranking
portable office site,110,12,14,Royal Wolf,Mobile Storage/Containers,Commercial,0,0.201,No competitor ranking
ship containers for sale,140,38,1,Royal Wolf,Mobile Storage/Containers,Commercial,0,0.2,No competitor ranking
ship containers for sale,140,38,5,Royal Wolf,Mobile Storage/Containers,Commercial,0,0.2,No competitor ranking
refrigerated containers,110,13,1,Royal Wolf,Mobile Storage/Containers,Commercial,0,0.2,No competitor ranking
container refrigerator,110,13,2,Royal Wolf,Mobile Storage/Containers,Commercial,0,0.2,No competitor ranking
shipping container 40ft,110,13,3,Royal Wolf,Mobile Storage/Containers,Commercial,0,0.2,No competitor ranking
internal dimensions of a shipping container,110,13,8,Royal Wolf,Mobile Storage/Containers,Commercial,0,0.2,No competitor ranking
shipping container measurements in meters,110,13,8,Royal Wolf,Mobile Storage/Containers,Commercial,0,0.2,No competitor ranking
shipping container 40ft,110,13,20,Royal Wolf,Mobile Storage/Containers,Commercial,0,0.2,No competitor ranking
acrow prop sizes,110,13,6,Shore Hire,Trench Safety/Specialty,Commercial,0,0.2,No competitor ranking
shipping container self storage,110,14,1,Royal Wolf,Mobile Storage/Containers,Commercial,0,0.199,No competitor ranking
20 feet shipping container,110,14,3,Royal Wolf,Mobile Storage/Containers,Commercial,0,0.199,No competitor ranking
geraldton storage units,110,14,4,Royal Wolf,Mobile Storage/Containers,Commercial,0,0.199,No competitor ranking
20 feet shipping container,110,14,7,Royal Wolf,Mobile Storage/Containers,Commercial,0,0.199,No competitor ranking
shipping container self storage,110,14,7,Royal Wolf,Mobile Storage/Containers,Commercial,0,0.199,No competitor ranking
shipping container self storage,110,14,10,Royal Wolf,Mobile Storage/Containers,Commercial,0,0.199,No competitor ranking
geraldton storage units,110,14,13,Royal Wolf,Mobile Storage/Containers,Commercial,0,0.199,No competitor ranking
shipping container for storage,140,39,1,Royal Wolf,Mobile Storage/Containers,Commercial,0,0.198,No competitor ranking
sea containers perth wa,140,39,4,Royal Wolf,Mobile Storage/Containers,Commercial,0,0.198,No competitor ranking
sea containers perth,140,39,5,Royal Wolf,Mobile Storage/Containers,Commercial,0,0.198,No competitor ranking
shipping container for storage,140,39,12,Royal Wolf,Mobile Storage/Containers,Commercial,0,0.198,No competitor ranking
sea containers perth,140,39,12,Royal Wolf,Mobile Storage/Containers,Commercial,0,0.198,No competitor ranking
shipping containers for sale victoria australia,110,15,5,Royal Wolf,Mobile Storage/Containers,Commercial,0,0.197,No competitor ranking
20ft sea container dimensions,110,15,7,Royal Wolf,Mobile Storage/Containers,Commercial,0,0.197,No competitor ranking
storage in hume,110,15,7,Royal Wolf,Mobile Storage/Containers,Commercial,0,0.197,No competitor ranking
shipping containers for sale victoria australia,110,15,14,Royal Wolf,Mobile Storage/Containers,Commercial,0,0.197,No competitor ranking
cheap shipping containers for sale,110,16,1,Royal Wolf,Mobile Storage/Containers,Commercial,0,0.196,No competitor ranking
new shipping containers for sale,110,16,3,Royal Wolf,Mobile Storage/Containers,Commercial,0,0.196,No competitor ranking
20ft container dimension,110,16,9,Royal Wolf,Mobile Storage/Containers,Commercial,0,0.196,No competitor ranking
moving shipping container,110,17,1,Royal Wolf,Mobile Storage/Containers,Commercial,0,0.195,No competitor ranking
shipping container conversion,110,17,4,Royal Wolf,Mobile Storage/Containers,Commercial,0,0.195,No competitor ranking
shipping container cabin,110,17,5,Royal Wolf,Mobile Storage/Containers,Commercial,0,0.195,No competitor ranking
shipping container storage perth,110,17,6,Royal Wolf,Mobile Storage/Containers,Commercial,0,0.195,No competitor ranking
40ft high cube container,110,17,7,Royal Wolf,Mobile Storage/Containers,Commercial,0,0.195,No competitor ranking
container storage gold coast,110,17,8,Royal Wolf,Mobile Storage/Containers,Commercial,0,0.195,No competitor ranking
shipping container cabin,110,17,17,Royal Wolf,Mobile Storage/Containers,Commercial,0,0.195,No competitor ranking
shipping container removals,110,18,2,Royal Wolf,Mobile Storage/Containers,Commercial,0,0.194,No competitor ranking
storage unit darwin,110,18,8,Royal Wolf,Mobile Storage/Containers,Commercial,0,0.194,No competitor ranking
self storage darwin nt,110,18,9,Royal Wolf,Mobile Storage/Containers,Commercial,0,0.194,No competitor ranking
cargo containers,140,42,1,Royal Wolf,Mobile Storage/Containers,Commercial,0,0.193,No competitor ranking
shipping containers perth wa,140,42,3,Royal Wolf,Mobile Storage/Containers,Commercial,0,0.193,No competitor ranking
shiping container sizes,110,19,3,Royal Wolf,Mobile Storage/Containers,Commercial,0,0.193,No competitor ranking
sea containers for sale perth wa,110,20,3,Royal Wolf,Mobile Storage/Containers,Commercial,0,0.192,No competitor ranking
storage containers toowoomba,110,20,6,Royal Wolf,Mobile Storage/Containers,Commercial,0,0.192,No competitor ranking
sea containers for sale perth wa,110,20,11,Royal Wolf,Mobile Storage/Containers,Commercial,0,0.192,No competitor ranking
container shipping homes,110,20,16,Royal Wolf,Mobile Storage/Containers,Commercial,0,0.192,No competitor ranking
containers for sale near me,140,43,2,Royal Wolf,Mobile Storage/Containers,Commercial,0,0.191,No competitor ranking
containers for sale near me,140,43,10,Royal Wolf,Mobile Storage/Containers,Commercial,0,0.191,No competitor ranking
size of 20ft container,110,21,8,Royal Wolf,Mobile Storage/Containers,Commercial,0,0.19,No competitor ranking
shipping containers melbourne for sale,110,21,8,Royal Wolf,Mobile Storage/Containers,Commercial,0,0.19,No competitor ranking
shipping containers melbourne for sale,110,21,14,Royal Wolf,Mobile Storage/Containers,Commercial,0,0.19,No competitor ranking
hume storage,110,23,17,Royal Wolf,Mobile Storage/Containers,Commercial,0,0.188,No competitor ranking
shipping container storage facility,110,24,1,Royal Wolf,Mobile Storage/Containers,Commercial,0,0.187,No competitor ranking
rockhampton storage,110,24,5,Royal Wolf,Mobile Storage/Containers,Commercial,0,0.187,No competitor ranking
shipping container storage facility,110,24,14,Royal Wolf,Mobile Storage/Containers,Commercial,0,0.187,No competitor ranking
portable self storage containers,140,46,18,Royal Wolf,Mobile Storage/Containers,Commercial,0,0.186,No competitor ranking
freight containers for sale near me,110,26,1,Royal Wolf,Mobile Storage/Containers,Commercial,0,0.184,No competitor ranking
shipping container storage near me,110,26,1,Royal Wolf,Mobile Storage/Containers,Commercial,0,0.184,No competitor ranking
shipping container storage near me,110,26,16,Royal Wolf,Mobile Storage/Containers,Commercial,0,0.184,No competitor ranking
brisbane shipping containers,110,27,4,Royal Wolf,Mobile Storage/Containers,Commercial,0,0.183,No competitor ranking
abc containers brisbane,110,27,13,Royal Wolf,Mobile Storage/Containers,Commercial,0,0.183,No competitor ranking
brisbane shipping containers,110,27,18,Royal Wolf,Mobile Storage/Containers,Commercial,0,0.183,No competitor ranking
abc containers brisbane,110,27,19,Royal Wolf,Mobile Storage/Containers,Commercial,0,0.183,No competitor ranking
shipping containers for moving,110,28,1,Royal Wolf,Mobile Storage/Containers,Commercial,0,0.182,No competitor ranking
shipping container move,110,28,1,Royal Wolf,Mobile Storage/Containers,Commercial,0,0.182,No competitor ranking
shipping container sydney,110,28,3,Royal Wolf,Mobile Storage/Containers,Commercial,0,0.182,No competitor ranking
self storage portable,110,28,7,Royal Wolf,Mobile Storage/Containers,Commercial,0,0.182,No competitor ranking
shipping container sydney,110,28,15,Royal Wolf,Mobile Storage/Containers,Commercial,0,0.182,No competitor ranking
shipping containers for moving,110,28,19,Royal Wolf,Mobile Storage/Containers,Commercial,0,0.182,No competitor ranking
earthmoving machinery for sale,110,30,5,Orange Hire,General Equipment,Commercial,0,0.179,No competitor ranking
earthmoving equipment for sale,110,30,7,Orange Hire,General Equipment,Commercial,0,0.179,No competitor ranking
shipping containers for sale sydney nsw,110,31,8,Royal Wolf,Mobile Storage/Containers,Commercial,0,0.178,No competitor ranking
shipping containers for sale sydney nsw,110,31,20,Royal Wolf,Mobile Storage/Containers,Commercial,0,0.178,No competitor ranking
shipping container ship,110,34,12,Royal Wolf,Mobile Storage/Containers,Commercial,0,0.174,No competitor ranking
container moving company,110,35,1,Royal Wolf,Mobile Storage/Containers,Commercial,0,0.173,No competitor ranking
container move,110,35,1,Royal Wolf,Mobile Storage/Containers,Commercial,0,0.173,No competitor ranking
container moving company,110,35,20,Royal Wolf,Mobile Storage/Containers,Commercial,0,0.173,No competitor ranking
shipping container company,110,36,2,Royal Wolf,Mobile Storage/Containers,Commercial,0,0.171,No competitor ranking
container for storage,110,37,7,Royal Wolf,Mobile Storage/Containers,Commercial,0,0.17,No competitor ranking
containers in shipping,110,37,8,Royal Wolf,Mobile Storage/Containers,Commercial,0,0.17,No competitor ranking
container shower blocks,140,0,3,Royal Wolf,Mobile Storage/Containers,Informational,0,0.169,No competitor ranking
shipping container buildings,110,39,6,Royal Wolf,Mobile Storage/Containers,Commercial,0,0.167,No competitor ranking
shipping container buildings,110,39,20,Royal Wolf,Mobile Storage/Containers,Commercial,0,0.167,No competitor ranking
shipping containers for storage,110,43,1,Royal Wolf,Mobile Storage/Containers,Commercial,0,0.162,No competitor ranking
shipping containers for storage,110,43,15,Royal Wolf,Mobile Storage/Containers,Commercial,0,0.162,No competitor ranking
shipping container australia,110,47,4,Royal Wolf,Mobile Storage/Containers,Commercial,0,0.156,No competitor ranking
portable storage facilities,110,47,7,Royal Wolf,Mobile Storage/Containers,Commercial,0,0.156,No competitor ranking
shipping container australia,110,47,20,Royal Wolf,Mobile Storage/Containers,Commercial,0,0.156,No competitor ranking
storage and shipping containers,110,48,2,Royal Wolf,Mobile Storage/Containers,Commercial,0,0.154,No competitor ranking
storage and shipping containers,110,48,10,Royal Wolf,Mobile Storage/Containers,Commercial,0,0.154,No competitor ranking
how much does a shipping container weigh,110,2,6,Royal Wolf,Mobile Storage/Containers,Informational,0,0.141,No competitor ranking
propping meaning,140,30,13,Shore Hire,Trench Safety/Specialty,Informational,0,0.141,No competitor ranking
how much are shipping containers,110,6,3,Royal Wolf,Mobile Storage/Containers,Informational,0,0.138,No competitor ranking
shoring meaning,110,19,4,Shore Hire,Trench Safety/Specialty,Informational,0,0.128,No competitor ranking
shoring meaning,110,19,9,Shore Hire,Trench Safety/Specialty,Informational,0,0.128,No competitor ranking
what is a props,110,29,19,Shore Hire,Trench Safety/Specialty,Informational,0,0.12,No competitor ranking
what is propping,110,37,1,Shore Hire,Trench Safety/Specialty,Informational,0,0.113,No competitor ranking
what is propping,110,37,11,Shore Hire,Trench Safety/Specialty,Informational,0,0.113,No competitor ranking
